terms,freq,cluster,tsne_1,tsne_2,modele
solid waste,23.98370551661784,22,2.3925257,2.1725776,nmf_frobenius
waste management,5.491873217578829,22,3.347208,1.5302976,nmf_frobenius
waste collection,4.763214466615897,22,2.3525043,2.28664,nmf_frobenius
waste disposal,3.7242018765801603,22,2.365348,2.073544,nmf_frobenius
waste generation,3.112549788918512,22,1.6811264,2.3963456,nmf_frobenius
waste diversion,2.7133924255597646,22,2.3978453,2.1873767,nmf_frobenius
yard waste,2.5262432125255887,22,2.4743335,2.2218065,nmf_frobenius
solid waste management,2.5248000879100534,22,3.0508118,1.397427,nmf_frobenius
municipal solid,2.4673331845235316,22,1.3347862,1.4514223,nmf_frobenius
municipal solid waste,2.4673331845235316,22,1.8020222,1.6110718,nmf_frobenius
solid waste disposal,2.345025999858226,22,1.8065302,1.630106,nmf_frobenius
solid waste collection,2.295693211123627,22,2.02984,1.9351456,nmf_frobenius
solid waste generation,2.2736675069447356,22,1.5617338,2.058029,nmf_frobenius
waste recycling,1.8852839118536084,22,2.6728654,2.5842392,nmf_frobenius
waste management plan,1.6838007173215457,22,3.222845,1.385723,nmf_frobenius
datum available,15.74112718104347,25,0.17542669,0.8186823,nmf_frobenius
transportation emission,0.8947950865490347,25,-5.091051,1.5517552,nmf_frobenius
government operation,0.8571830760885117,25,1.9433988,0.51750284,nmf_frobenius
estimate datum,0.8150314106226693,25,-0.48281074,1.1119081,nmf_frobenius
scope datum,0.8063649329573882,25,-0.27779073,0.85839367,nmf_frobenius
private car,0.7932027064964202,25,-0.43437123,0.48272797,nmf_frobenius
lack datum available,0.7359186284153737,25,0.035329096,0.53073716,nmf_frobenius
lack datum,0.7133183493984309,25,-0.5797046,-0.51692015,nmf_frobenius
include year,0.654745400018393,25,-2.71269,2.3431823,nmf_frobenius
level charger,0.6346522232373957,25,-2.4154608,-1.6908138,nmf_frobenius
available year,0.6317738488102694,25,0.13447393,0.86868274,nmf_frobenius
monitor datum,0.6317738488102694,25,-1.1590008,-1.1562773,nmf_frobenius
information datum available,0.5989087510638547,25,0.43719664,0.79174715,nmf_frobenius
information datum,0.5989087510638547,25,0.7027053,0.8588078,nmf_frobenius
year report,0.5955238498237018,25,-4.776537,-2.0553837,nmf_frobenius
local government,18.691304029916655,32,2.0732427,-0.33482182,nmf_frobenius
specify local,7.357886870629987,32,0.67889464,-0.47846383,nmf_frobenius
government operation,5.391344770348141,32,1.9446955,0.5190089,nmf_frobenius
local government operation,4.911720693706915,32,1.7331905,0.38888502,nmf_frobenius
mix report,3.5923100656611267,32,-4.6922245,-1.9888384,nmf_frobenius
specify local government,2.6647446528124865,32,1.4834275,-0.26344633,nmf_frobenius
government operation protocol,1.9519136051577386,32,1.6267372,0.45872393,nmf_frobenius
operation protocol,1.9519136051577386,32,1.4406774,0.9738945,nmf_frobenius
specify university,1.8604902843433164,32,0.30595767,-1.3021353,nmf_frobenius
emission local government,0.9376782543305513,32,-4.882799,-0.13475735,nmf_frobenius
local government state,0.9291629841915028,32,1.9119774,-0.35570338,nmf_frobenius
specify local public,0.9290862906473707,32,0.38639337,-0.12407933,nmf_frobenius
local public work,0.9290862906473707,32,0.6454319,-0.22354011,nmf_frobenius
specify local state,0.9076394021571739,32,0.5500491,-0.3913502,nmf_frobenius
government state,0.8798550227564645,32,2.1551328,-0.30878562,nmf_frobenius
farmer market,16.134300302559975,48,0.64988685,-1.2182964,nmf_frobenius
fruit vegetable,8.005788502463163,48,-0.054286767,-0.095707476,nmf_frobenius
fresh fruit vegetable,2.813300125659895,48,-0.12028348,-0.35363126,nmf_frobenius
fresh fruit,2.792233233519668,48,-0.06887295,-0.7244397,nmf_frobenius
community garden,2.561845851807467,48,4.9367785,3.3982012,nmf_frobenius
grocery store,2.4556817696659543,48,-0.41426528,-0.6539187,nmf_frobenius
urban agriculture,1.8656076559247923,48,0.12176703,-1.6004317,nmf_frobenius
fresh buck,1.850567132123294,48,-0.13713755,-0.7441443,nmf_frobenius
local farmer,1.5671075861166495,48,0.9754047,-1.2418357,nmf_frobenius
local food,1.4345617918209106,48,1.2405162,-1.2852112,nmf_frobenius
locally grow,1.4261524111445105,48,0.7575534,-1.0681869,nmf_frobenius
weekly farmer market,1.2971106777259882,48,0.11827336,-0.7779046,nmf_frobenius
weekly farmer,1.2971106777259882,48,0.20904222,-0.9362772,nmf_frobenius
healthy food,1.2182758222300423,48,0.41902593,-2.8078136,nmf_frobenius
market community,1.218115698153812,48,4.9436865,3.4045317,nmf_frobenius
air quality,19.446952067921927,50,-0.2674628,-2.7313166,nmf_frobenius
improve air quality,4.353244781616625,50,-0.38019606,-2.6607707,nmf_frobenius
improve air,4.303737763005023,50,-3.7689192,2.5085244,nmf_frobenius
poor air,3.5985277338230612,50,-0.60943437,-0.9815902,nmf_frobenius
poor air quality,3.46249530056522,50,-0.400775,-2.3907928,nmf_frobenius
level ozone,1.5694267564867221,50,-2.3216105,-1.8988692,nmf_frobenius
forest fire,1.4797104844383744,50,-0.7129137,-1.4731005,nmf_frobenius
ground level ozone,1.383792920597943,50,-1.6610548,-1.491848,nmf_frobenius
ground level,1.3751191570458596,50,-2.1495857,-1.7447286,nmf_frobenius
indoor air quality,1.3578444483673613,50,-0.35695046,-2.224182,nmf_frobenius
indoor air,1.3419916614411695,50,-0.35437223,-0.9715362,nmf_frobenius
urban interface,1.2700409545156481,50,-1.0124611,-0.9330563,nmf_frobenius
air quality impact,1.1929846005860114,50,-0.51412565,-2.6579568,nmf_frobenius
specify air quality,1.1465565390244161,50,-0.52667737,-2.0880458,nmf_frobenius
quality impact,1.1430442091553195,50,-0.4044143,-3.0425296,nmf_frobenius
green infrastructure,20.25815357404832,94,1.1359156,5.1403675,nmf_frobenius
stormwater infrastructure,10.720680583035698,94,1.4215207,4.9525943,nmf_frobenius
infrastructure project,10.02270608729761,94,0.9841962,5.0773726,nmf_frobenius
specify infrastructure,6.140875378111011,94,0.97096854,5.088672,nmf_frobenius
infrastructure improvement,5.867870659237981,94,0.82555753,5.146983,nmf_frobenius
specify green,5.616955751050896,94,-1.9212569,-0.40224236,nmf_frobenius
infrastructure plan,5.158148604383587,94,1.1116226,5.2956905,nmf_frobenius
green infrastructure project,4.190119180912571,94,0.97396034,4.7352843,nmf_frobenius
green stormwater,3.8574225412800964,94,5.136881,1.0833765,nmf_frobenius
plan implementation,3.4170021412021927,94,1.8081284,-5.0581603,nmf_frobenius
green stormwater infrastructure,3.3198688972314163,94,1.3582866,4.7692714,nmf_frobenius
infrastructure damage,3.2464833090433087,94,0.96500313,5.282047,nmf_frobenius
stormwater infrastructure plan,2.5096249738403396,94,1.3797147,4.7679443,nmf_frobenius
residential stormwater,2.4044756771466753,94,-4.7853265,-3.859894,nmf_frobenius
specify infrastructure damage,1.928629164846479,94,0.81018454,4.8644176,nmf_frobenius
renewable energy,64.38184909049602,106,-2.9092531,5.997266,nmf_frobenius
energy efficiency,49.33698888863075,106,-2.2302718,5.8242087,nmf_frobenius
energy use,21.40250481685601,106,-2.6846924,5.762713,nmf_frobenius
clean energy,17.527844962706506,106,-2.7412431,5.7819476,nmf_frobenius
reduce energy,12.959798264586968,106,-3.60717,4.9833765,nmf_frobenius
energy generation,8.076819394128023,106,-2.5918188,5.590759,nmf_frobenius
reduce energy use,7.88711498342917,106,-3.59024,4.890221,nmf_frobenius
efficiency program,7.8064092749291865,106,-1.4608728,5.6322002,nmf_frobenius
increase energy,7.744943659145367,106,-3.377556,4.05155,nmf_frobenius
energy code,7.392226049410004,106,-2.6565537,5.8051977,nmf_frobenius
community choice,7.2501331319708795,106,4.932455,3.4204373,nmf_frobenius
energy consumption,7.031858915883809,106,-2.606429,5.3073115,nmf_frobenius
specify energy,6.806046255804344,106,-2.6513875,5.608685,nmf_frobenius
energy efficiency program,6.800127856364074,106,-1.7245182,5.6553764,nmf_frobenius
build energy,6.3833452154443,106,-2.692559,5.843842,nmf_frobenius
commercial building,14.92454139203487,108,3.577891,-1.8886309,nmf_frobenius
residential commercial,14.847287332037286,108,2.793586,-2.7701638,nmf_frobenius
include commercial,9.434268036841367,108,3.5505514,-2.5264645,nmf_frobenius
building facility,7.949355507056927,108,3.8771605,-1.594643,nmf_frobenius
commercial industrial,7.217512033490166,108,3.0632489,-2.2919695,nmf_frobenius
include commercial building,6.677163330322037,108,3.468544,-1.983192,nmf_frobenius
commercial building facility,5.521345387682793,108,3.4800394,-1.728152,nmf_frobenius
residential commercial industrial,4.882609514412784,108,2.7696722,-2.5776942,nmf_frobenius
property damage,3.311549631679065,108,-4.0191774,-3.14812,nmf_frobenius
institutional building,2.734579760451417,108,3.1301484,-1.3628148,nmf_frobenius
residential commercial property,2.5457501282606394,108,2.613157,-2.5700324,nmf_frobenius
commercial property,2.5191860250913125,108,2.7557638,-2.1452694,nmf_frobenius
public safety,2.323827152577848,108,0.7935136,0.12164507,nmf_frobenius
industrial building,2.012552424803586,108,3.424148,-1.6389737,nmf_frobenius
commercial property damage,1.7951555023749186,108,2.5165884,-2.0388505,nmf_frobenius
sea level,41.56922152195768,117,-2.5061107,-1.9718763,nmf_frobenius
level rise,40.19799336676008,117,-2.5189645,-2.1554298,nmf_frobenius
sea level rise,38.45332607912397,117,-2.1295085,-1.9769938,nmf_frobenius
storm surge,10.829608780865883,117,-2.572547,-3.0245905,nmf_frobenius
flood mapping,7.757770309439615,117,-3.2805986,-2.786257,nmf_frobenius
flood sea level,4.011830796334625,117,-2.8533325,-2.51648,nmf_frobenius
flood sea,4.011830796334625,117,-3.3027017,-2.964508,nmf_frobenius
climate change,3.8015601502486374,117,-1.234281,-6.3188844,nmf_frobenius
level rise storm,3.1994035436135375,117,-2.3623395,-2.4070437,nmf_frobenius
rise storm,3.1994035436135375,117,-2.5417376,-3.2060456,nmf_frobenius
rise vulnerability,3.095777263861685,117,-2.8127666,-4.9446764,nmf_frobenius
vulnerability assessment,3.0309697388477095,117,-2.8889897,-4.8019457,nmf_frobenius
level rise vulnerability,2.9676645607451784,117,-2.6677816,-4.6374307,nmf_frobenius
rise projection,2.570521826873057,117,-3.7255034,-1.6334538,nmf_frobenius
level rise projection,2.570521826873057,117,-3.441194,-1.6306808,nmf_frobenius
solar project,9.651548902644125,118,0.61682427,3.0289295,nmf_frobenius
specify fund,8.962660951445613,118,-2.0481083,-0.60106015,nmf_frobenius
specify project,7.631932019098149,118,-3.3904862,-1.0516114,nmf_frobenius
project fund,7.201509507135895,118,-3.7887738,-1.1129525,nmf_frobenius
specify grant,6.8537768759918585,118,-1.9885181,-0.5570375,nmf_frobenius
specify project fund,5.6281802176383415,118,-2.986158,-0.8983371,nmf_frobenius
community solar,2.943335036943482,118,4.940682,3.3963332,nmf_frobenius
community solar project,2.1788867839212274,118,4.543747,3.2035112,nmf_frobenius
grant funding,2.1767165798312504,118,-3.1454873,-0.29649767,nmf_frobenius
fund grant,2.0538241614878547,118,-3.0493803,-0.35683623,nmf_frobenius
regular operation,1.644486304158752,118,1.5159962,1.0111378,nmf_frobenius
technical assistance,1.4521465053956166,118,1.1725619,-0.54608387,nmf_frobenius
partial funding,1.3562845713228355,118,-2.9448984,-0.2960496,nmf_frobenius
flood control,1.233300412544507,118,-3.0817776,-2.775476,nmf_frobenius
municipal solar project,1.191268218187949,118,0.66096234,1.8706226,nmf_frobenius
natural gas,28.53668795791776,119,-0.8929934,-1.5620409,nmf_frobenius
land use,15.207859609284315,119,-1.7304974,1.1070745,nmf_frobenius
land use planning,3.636820025228981,119,-2.7950819,0.61141354,nmf_frobenius
use planning,3.604763123022289,119,-2.9776824,0.6509497,nmf_frobenius
gas use,3.4035477278116533,119,-0.47100997,1.4287016,nmf_frobenius
natural gas use,3.4035477278116533,119,-0.82339126,-1.3155543,nmf_frobenius
agriculture forestry,3.142844244084343,119,0.058407344,-1.548921,nmf_frobenius
use transportation,2.75255300864559,119,-4.8521714,1.7958956,nmf_frobenius
land use transportation,2.7119288623450717,119,-4.671325,1.7641182,nmf_frobenius
fugitive emission,2.5642197239342166,119,-5.544185,0.09170675,nmf_frobenius
electri natural gas,2.506855119529372,119,-0.8744697,3.3005536,nmf_frobenius
electri natural,2.506855119529372,119,-0.87726736,3.4887762,nmf_frobenius
include natural gas,2.326361959326878,119,-2.5782926,2.1954668,nmf_frobenius
include natural,2.2781948145770077,119,-2.6585674,2.2806816,nmf_frobenius
specify land,1.7802826325027632,119,-1.825592,-0.57213044,nmf_frobenius
water supply,40.19752663344624,120,4.9336424,-0.14228128,nmf_frobenius
water conservation,25.647255065781035,120,3.3548017,-4.171904,nmf_frobenius
water use,21.472164658238817,120,-4.969569,3.6285315,nmf_frobenius
water quality,20.955395291120965,120,5.029144,-0.5915022,nmf_frobenius
storm water,16.472047504025877,120,-5.1280065,3.4984076,nmf_frobenius
treatment plant,15.18377597588034,120,3.568361,0.2487854,nmf_frobenius
water resource,12.116447697602649,120,5.0076165,-0.25693485,nmf_frobenius
wastewater treatment,11.980401725227157,120,3.9041572,0.532531,nmf_frobenius
conservation plan,10.986526958169264,120,2.685662,-4.642275,nmf_frobenius
water treatment,10.889641786532643,120,4.3170156,0.32595965,nmf_frobenius
water treatment plant,7.5566232041136665,120,3.9288044,0.2540759,nmf_frobenius
water management,7.1165662548251545,120,4.2621937,1.1263021,nmf_frobenius
wastewater treatment plant,6.903239167438348,120,3.6734197,0.44891775,nmf_frobenius
reduce water,6.8594385113008105,120,-4.807496,4.384096,nmf_frobenius
surface water,6.552413389471363,120,4.840698,0.05312291,nmf_frobenius
electric vehicle,30.464203024888715,121,-1.1780808,3.5770519,nmf_frobenius
charging station,14.813592603558853,121,0.04826441,2.611061,nmf_frobenius
electric bus,11.82283419634323,121,-1.121607,3.6974826,nmf_frobenius
vehicle charge,10.224152380187148,121,-1.1318103,2.6213796,nmf_frobenius
electric vehicle charge,9.164090398115107,121,-1.0845606,3.3397539,nmf_frobenius
charge infrastructure,8.983370865713946,121,1.0158725,5.116229,nmf_frobenius
mile travel,8.228584480754964,121,-1.090723,1.1557708,nmf_frobenius
vehicle mile,7.649712989702158,121,-1.2627805,2.5905797,nmf_frobenius
vehicle mile travel,7.514985967590047,121,-1.1393923,2.1984107,nmf_frobenius
fuel oil,7.299387227645234,121,-0.6305605,1.8341722,nmf_frobenius
charge station,6.339683726005981,121,0.17102492,2.596739,nmf_frobenius
vehicle charge infrastructure,4.321772173566663,121,0.7226892,4.746111,nmf_frobenius
vehicle charging,3.903471885069935,121,-1.2467337,2.7753851,nmf_frobenius
electric vehicle charging,3.7004949858310034,121,-1.1396723,3.2635965,nmf_frobenius
vehicle charging station,3.6856668087449904,121,-0.50752175,2.5245137,nmf_frobenius
action plan,88.43707529492798,124,1.9554183,-5.784252,nmf_frobenius
climate action,68.83626375666528,124,-0.44969678,-6.4821687,nmf_frobenius
climate action plan,47.140531236372794,124,-0.2524571,-6.2474446,nmf_frobenius
management plan,33.25760614047344,124,3.5180578,1.3538309,nmf_frobenius
mitigation plan,31.735743976271895,124,1.485652,-5.4145317,nmf_frobenius
adaptation plan,26.725500443672804,124,1.4278096,-5.685213,nmf_frobenius
hazard mitigation,25.41739186842584,124,0.8733139,-5.288695,nmf_frobenius
master plan,24.228869708712836,124,2.6157956,-5.360876,nmf_frobenius
hazard mitigation plan,22.76962645553293,124,1.2740436,-5.242279,nmf_frobenius
plan update,20.021928554607502,124,2.5941617,-5.503639,nmf_frobenius
climate adaptation,16.167717979956105,124,-0.28236997,-6.1575623,nmf_frobenius
stormwater management,14.955936652065004,124,4.339748,1.231791,nmf_frobenius
action adaptation,14.28611276759261,124,0.7207112,-5.8430624,nmf_frobenius
comprehensive plan,13.590633128297894,124,2.5946822,-5.328068,nmf_frobenius
climate action adaptation,13.208432735347909,124,-0.074903905,-6.0399833,nmf_frobenius
climate change,65.65923174186034,125,-1.2342811,-6.318884,nmf_frobenius
vulnerability assessment,29.023591686610974,125,-2.8889894,-4.8019457,nmf_frobenius
change impact,12.61516943250038,125,-0.902566,-4.564781,nmf_frobenius
climate change impact,12.408729678151337,125,-1.2264866,-5.743885,nmf_frobenius
climate vulnerability,9.410730218491542,125,-2.3476083,-5.3825135,nmf_frobenius
impact climate,8.317348748988593,125,-1.3242474,-5.9299974,nmf_frobenius
climate change vulnerability,7.981847680195292,125,-2.0937603,-5.3098893,nmf_frobenius
change vulnerability,7.981847680195292,125,-2.6069796,-4.9175506,nmf_frobenius
impact climate change,7.87151407668904,125,-1.225401,-5.6195445,nmf_frobenius
change adaptation,6.6324692646718715,125,0.2898386,-5.6075435,nmf_frobenius
climate change adaptation,6.6324692646718715,125,-0.42881155,-5.961114,nmf_frobenius
change vulnerability assessment,5.700354462074829,125,-2.618955,-4.574437,nmf_frobenius
climate vulnerability assessment,5.308958815457994,125,-2.483722,-4.9817514,nmf_frobenius
adapt climate,4.914183234328678,125,-1.1145008,-6.3211627,nmf_frobenius
adapt climate change,4.727256840930457,125,-1.1107354,-5.9671364,nmf_frobenius
tree canopy,26.90151521269557,126,-2.078732,0.5763535,nmf_frobenius
lead streetlight,9.180265315244718,126,-1.4525514,1.1039146,nmf_frobenius
tree planting,6.064076040029005,126,-2.4935231,1.1303056,nmf_frobenius
urban tree,5.2018833947584415,126,-2.0134785,0.5212596,nmf_frobenius
urban tree canopy,4.438661008603157,126,-1.8178508,0.2786964,nmf_frobenius
increase tree,4.403905186930674,126,-3.3704152,3.472174,nmf_frobenius
increase tree canopy,3.943869041907263,126,-3.3109927,3.3583553,nmf_frobenius
outdoor lighting,3.565860529229572,126,-1.7048744,1.4966354,nmf_frobenius
tree plant,3.5609805113158464,126,-2.2865708,1.066021,nmf_frobenius
canopy coverage,3.176847797068386,126,-1.3088622,-1.0338833,nmf_frobenius
tree canopy coverage,3.019570265972772,126,-1.502823,-0.26843506,nmf_frobenius
canopy assessment,2.4557301798392523,126,-2.4409919,-3.679833,nmf_frobenius
tree canopy assessment,2.4557301798392523,126,-1.757204,-2.3716521,nmf_frobenius
tree canopy cover,1.9997212963689694,126,-1.6046405,0.046102062,nmf_frobenius
specify tree,1.9784032395523066,126,-1.8118932,-0.32031888,nmf_frobenius
open space,18.308963420426593,127,-0.8145593,0.0064161876,nmf_frobenius
orient development,9.481143550997867,127,-3.8996143,0.851745,nmf_frobenius
transit orient,5.853385530566363,127,-3.8190305,1.7284104,nmf_frobenius
defensible space,5.668392896424101,127,-0.718862,-0.27541816,nmf_frobenius
transit orient development,4.27098407666069,127,-3.769494,1.0012678,nmf_frobenius
park open,2.026615293993924,127,-0.88295126,0.30968451,nmf_frobenius
park open space,2.026615293993924,127,-0.85042936,0.01702921,nmf_frobenius
walkable place,1.9556806178874038,127,-0.87583053,0.28524235,nmf_frobenius
designate open,1.8979850326022105,127,-1.0957016,-0.2116966,nmf_frobenius
designate open space,1.8979850326022105,127,-0.99283487,-0.20498225,nmf_frobenius
legally designate,1.754895527490425,127,-0.87088144,-0.1973848,nmf_frobenius
legally designate open,1.754895527490425,127,-0.80634457,-0.2754972,nmf_frobenius
specify open,1.5594531469721253,127,-1.5587559,-0.6239973,nmf_frobenius
orient development zoning,1.2570448843104183,127,-3.7192807,0.7766421,nmf_frobenius
development zoning,1.2570448843104183,127,-3.9014168,0.83898705,nmf_frobenius
extreme heat,24.46101665356116,128,-1.5556468,-3.6549203,nmf_frobenius
low income,23.990615825792055,128,1.1491815,-2.692529,nmf_frobenius
vulnerable population,9.833469356632616,128,0.6896829,-3.8786106,nmf_frobenius
heat wave,9.009213564158356,128,-1.0693831,-3.3954742,nmf_frobenius
heat day,7.161091634846872,128,-1.1029564,-3.4349866,nmf_frobenius
extreme heat day,6.147681797087498,128,-1.4676114,-3.3158154,nmf_frobenius
heat event,5.976971346510787,128,-1.5130725,-3.5344925,nmf_frobenius
extreme heat event,5.066817978675417,128,-1.6055123,-3.4131362,nmf_frobenius
income household,5.050896349726554,128,1.0843863,-2.4198368,nmf_frobenius
low income household,4.732630264894199,128,0.89150494,-2.2190318,nmf_frobenius
income resident,4.625243954113306,128,1.9017189,-2.8509612,nmf_frobenius
health impact,4.524921581705037,128,-0.21263602,-3.5990977,nmf_frobenius
income population,4.268492071500856,128,0.98052126,-3.5367076,nmf_frobenius
low income resident,4.122034621471277,128,1.7533213,-2.7185566,nmf_frobenius
low income population,4.0090585886791015,128,0.9281529,-3.3945496,nmf_frobenius
greenhouse gas,38.11713517696415,130,-4.1583796,-0.3089462,nmf_frobenius
emission inventory,35.12154459226253,130,-6.054365,-0.59878236,nmf_frobenius
ghg emission,32.49883586726311,130,-5.849867,0.06710034,nmf_frobenius
emission reduction,31.01835836775121,130,-5.960735,0.25928044,nmf_frobenius
gas emission,28.21936731202776,130,-5.8508334,0.07871831,nmf_frobenius
ghg inventory,27.12010983816432,130,3.1031132,4.1342287,nmf_frobenius
greenhouse gas emission,25.055156057250326,130,-5.0748286,-0.0730186,nmf_frobenius
emission factor,22.141260740262414,130,-5.8942127,-0.041780416,nmf_frobenius
gas inventory,21.259747724922864,130,3.0933895,4.128468,nmf_frobenius
inventory report,20.12710619284602,130,-5.4014587,-1.8747199,nmf_frobenius
scope emission,17.24308431319322,130,-5.825866,0.04456366,nmf_frobenius
community protocol,15.449093181051884,130,4.854506,3.4713552,nmf_frobenius
carbon neutrality,14.612548247228856,130,-1.0079557,-2.187864,nmf_frobenius
community inventory,13.837322014824215,130,4.708044,3.6654644,nmf_frobenius
consumption base,11.61735617430378,130,0.19968665,1.8075087,nmf_frobenius
cool center,9.43075056890278,10,-0.080699496,1.8746557,top2vec
cool roof,3.486818446769934,10,-0.020921212,1.1012307,top2vec
extreme heat,2.0554412124365626,10,-2.377212,-1.750923,top2vec
installation cool,1.702942719349016,10,-1.008543,3.6031616,top2vec
cooling center,1.700289229005882,10,-0.121860355,1.8851388,top2vec
heat day,1.463717115129826,10,-2.3414845,-0.99836165,top2vec
cool station,1.423413171864312,10,-1.5763158,3.9488504,top2vec
network cool,1.3327677600163448,10,1.8140758,0.9377569,top2vec
extreme heat day,1.3145154706828295,10,-2.0218637,-1.5081053,top2vec
center pool,1.284687359131417,10,-0.008506559,1.8271933,top2vec
facility cool,1.254946155724931,10,0.5443636,-1.0555247,top2vec
cool cooling,1.1125209536104035,10,-0.6003419,2.5868104,top2vec
cool cooling center,1.1125209536104035,10,-0.003577786,1.6451459,top2vec
cool center pool,1.076408278767238,10,0.14394486,1.4130243,top2vec
cool pavement,1.0524853301008754,10,-0.49532524,-1.322143,top2vec
private transport,2.795178123110858,11,1.4405664,3.568803,top2vec
motorize transport,1.4975596558036235,11,1.3296182,3.5845702,top2vec
private transport improve,1.4926709995433043,11,1.3905376,3.3606803,top2vec
public transport,1.4923232026013045,11,1.6251932,3.653728,top2vec
transport improve,1.46194358272079,11,1.4610971,4.0217276,top2vec
report direct,1.265764856027253,11,1.8757161,-1.3020022,top2vec
transport sector,1.2412634618908096,11,1.4863809,4.002489,top2vec
company carshare,1.1944963760649636,11,0.7437969,1.7637322,top2vec
taxis transport,1.1944963760649636,11,1.3771334,3.690987,top2vec
transport improve fuel,1.0099453148211874,11,1.3255886,3.7915628,top2vec
report local,1.0,11,1.9937093,-1.1378123,top2vec
implementation complete,1.0,11,-2.1125252,-2.945299,top2vec
passenger transport,1.0,11,1.2803153,3.5689847,top2vec
small hydro,1.0,11,0.20675777,0.8683763,top2vec
reduce motorize,0.9659637356730313,11,0.20610964,3.6168995,top2vec
feasibility study,4.852116742786281,22,1.0438464,-1.5264657,top2vec
pre feasibility,2.3664858124596924,22,1.1959633,-1.8091947,top2vec
pre feasibility study,1.6041944738874627,22,0.9231102,-1.2999039,top2vec
characterization study,1.5448232328229965,22,0.9618145,0.14015558,top2vec
project feasibility,1.5124260963110836,22,2.134212,-2.4487505,top2vec
waste characterization,1.0810602227908754,22,1.30703,1.7549103,top2vec
current project,1.072438895691034,22,2.5144036,-2.6482983,top2vec
impact assessment,1.0588320783885494,22,0.7675725,-2.4823048,top2vec
stormwater project,1.0,22,1.6839374,-3.8847606,top2vec
partially secure,1.0,22,0.7310633,0.3744813,top2vec
study session,1.0,22,0.97837514,-0.85632557,top2vec
study status,0.9753600183550686,22,0.8257768,-0.4452891,top2vec
feasibility impact,0.9005630984209225,22,0.9199707,-1.6842752,top2vec
pre feasibility impact,0.9005630984209225,22,0.8062115,-1.4797632,top2vec
feasibility impact assessment,0.9005630984209225,22,0.83232,-1.9050057,top2vec
square mile,8.763351994643259,51,-1.6069456,1.2807703,top2vec
locate mile,2.467874098454729,51,-0.8849535,0.9159357,top2vec
county seat,2.0609928977114658,51,-0.37230486,-0.8896996,top2vec
population approximately,1.8641606134152422,51,-2.2904975,0.35178348,top2vec
estimate population,1.8475297138789168,51,-3.26939,-0.018923571,top2vec
large population,1.8182388209912879,51,-3.3179834,-0.104002684,top2vec
approximately mile,1.6091305121624997,51,-1.3722944,1.1024438,top2vec
area square mile,1.567807202314177,51,-1.5015512,1.1211891,top2vec
area square,1.5344260867853285,51,-2.0064828,1.2203555,top2vec
mile north,1.3691159158712836,51,-1.4704206,0.83961844,top2vec
second large,1.3020453479177083,51,0.19302641,0.27086508,top2vec
total area,1.238143172836001,51,-1.7641426,0.85902894,top2vec
approximately square,1.2373907497133476,51,-1.452798,1.1432636,top2vec
approximately square mile,1.1557901815740208,51,-1.2996981,1.1101053,top2vec
household income,1.1461939842963866,51,-2.57725,0.21832246,top2vec
certification program,4.059597953547105,102,3.9221573,2.5853224,top2vec
business program,3.7549366326526794,102,4.4109197,2.3662155,top2vec
sustainable business,3.3666680748225675,102,4.5972633,1.0617903,top2vec
green business,3.096944768628828,102,4.070973,1.5515598,top2vec
business certification,3.0848433863127944,102,3.42946,2.083721,top2vec
local business,2.9278566738125593,102,3.9164574,1.4272667,top2vec
business certification program,2.2644883830222535,102,3.7892578,2.3120337,top2vec
business certify,2.0409621812303853,102,3.7491176,1.6913757,top2vec
business practice,1.6413029927834835,102,3.8193123,1.6351151,top2vec
program business,1.3701386402549591,102,4.407853,2.3454862,top2vec
action plan,1.3414348570852133,102,-3.4199777,-4.710719,top2vec
sustainable business certification,1.3326196944340833,102,3.4522874,1.6706854,top2vec
business sustainability,1.3079193561124292,102,4.653047,0.9542124,top2vec
building program,1.2334726338849396,102,4.515036,3.7417088,top2vec
energy efficiency,1.1695268349488468,102,6.7905736,3.5612066,top2vec
lack funding,2.947998531900425,145,2.893351,-0.9603881,top2vec
lack resource,2.35095276639851,145,2.8689716,-0.64833486,top2vec
lack knowledge,1.280771576609482,145,0.53285015,0.35555387,top2vec
lack resource funding,1.1831446912339258,145,2.6530762,-0.611025,top2vec
resource funding,1.1831446912339258,145,3.1006136,-0.8307126,top2vec
lack funding resource,1.0700094794634272,145,2.496786,-0.5023144,top2vec
funding resource,1.0371491714716068,145,3.0125782,-0.75536484,top2vec
economic diversity,1.0,145,2.4109461,1.4133344,top2vec
economic diversification,1.0,145,2.1915534,1.5229971,top2vec
economic development,1.0,145,4.36647,-2.6539025,top2vec
budget resource,1.0,145,2.8281727,-0.667822,top2vec
lack datum,1.0,145,0.33841953,0.26210314,top2vec
regional approach,0.9445221795471762,145,1.873188,-0.10652495,top2vec
lack affordable,0.8560821719265923,145,1.1347284,1.265003,top2vec
lack affordable housing,0.8560821719265923,145,1.1049918,1.3000247,top2vec
commercial building,9.452606103312842,238,3.9365628,4.7119865,top2vec
include commercial,8.821665521458344,238,3.0542548,4.782777,top2vec
stationary energy,7.95633547762482,238,5.4240856,2.9897883,top2vec
include commercial building,6.452801873607282,238,3.5387282,4.605158,top2vec
building facility,6.085732036027993,238,4.426421,4.6804385,top2vec
commercial industrial,5.5217392940507235,238,3.0267627,4.6870875,top2vec
commercial building facility,4.486152892943935,238,3.896741,4.5308757,top2vec
include stationary energy,4.380056256282773,238,3.0780175,3.2941306,top2vec
include stationary,4.380056256282773,238,2.9028971,3.3913255,top2vec
natural gas,4.290361195244062,238,-1.0461427,-0.5967264,top2vec
residential commercial,3.379306410521868,238,3.0092225,5.2274604,top2vec
industrial building,2.986460222388119,238,3.9171584,4.4523745,top2vec
institutional building,2.8612169712779862,238,3.7657561,4.0039477,top2vec
commercial institutional,2.7754920171943507,238,2.9540565,4.2068806,top2vec
energy sector,2.421455196523319,238,6.470479,2.9961743,top2vec
sea level,31.36311490181964,251,-0.25371337,-2.0089812,top2vec
level rise,30.837868054324233,251,-0.285037,-2.1219635,top2vec
sea level rise,29.03719083499307,251,-0.19850133,-1.7246116,top2vec
storm surge,11.260661555382788,251,-1.0834466,-2.537634,top2vec
flood mapping,7.864606539925202,251,-0.7342946,-3.2506325,top2vec
climate change,6.322403215986827,251,-5.6035457,-0.8853887,top2vec
flood risk,4.0072762084380065,251,-0.81086093,-3.5264418,top2vec
flood map,3.8703731223730693,251,-0.77108574,-3.491744,top2vec
coastal flooding,3.665141596500698,251,-0.85738933,-3.3707757,top2vec
flood sea level,3.440913835828862,251,-0.5325863,-2.821445,top2vec
flood sea,3.440913835828862,251,-0.77369547,-3.482038,top2vec
flood hazard,3.3666367952799656,251,-0.8700766,-3.5748866,top2vec
flood insurance,3.35506132902447,251,-0.38531095,-2.8410776,top2vec
flood protection,3.3359946986679665,251,-0.84475255,-3.9325097,top2vec
coastal flood,3.0656194700650583,251,-0.75363934,-3.3813083,top2vec
solid waste,22.085936399430334,252,-3.7887204,3.9302456,top2vec
waste diversion,9.573243409188564,252,-3.3960521,4.0533276,top2vec
food waste,8.768251444698992,252,-4.032805,4.0005,top2vec
recycling composting,7.22670500550363,252,-4.36768,4.3561444,top2vec
waste management,6.6374809299550535,252,-1.1282015,-5.370877,top2vec
yard waste,6.364001692391776,252,-3.8359234,3.9577932,top2vec
organic waste,6.084062419863415,252,-3.906249,3.9760075,top2vec
waste collection,5.785975121495457,252,-3.5509295,4.233859,top2vec
waste recycling,5.3899522315237345,252,-4.2885623,4.277438,top2vec
single use,5.250910028116785,252,-0.15145859,2.550002,top2vec
waste landfill,4.8640263218082165,252,-4.023359,3.875548,top2vec
waste reduction,4.531596056379508,252,-2.9984512,4.850197,top2vec
plastic bag,4.288006071021094,252,-0.4613078,0.9207979,top2vec
diversion rate,4.244718499292665,252,1.2956744,2.0381243,top2vec
waste disposal,4.199509787432782,252,-3.6897447,3.8732357,top2vec
electric vehicle,23.10667360598541,267,-0.8124423,5.608074,top2vec
charging station,14.116841495105922,267,-1.4525286,3.9511395,top2vec
electric bus,9.409655014268123,267,-0.9143624,5.736823,top2vec
fossil fuel,9.037653749991483,267,0.32488784,2.9125307,top2vec
charge infrastructure,8.135420986622604,267,3.4334369,-4.598879,top2vec
vehicle charge,8.091565395952474,267,-0.34870052,4.765369,top2vec
electric vehicle charge,7.88831913297893,267,-0.71184105,5.3540864,top2vec
fuel oil,7.481463240225884,267,0.20275867,3.158101,top2vec
charge station,5.558854377703754,267,-1.5385305,3.9526553,top2vec
fleet vehicle,4.124637269887944,267,-0.3561303,4.9880204,top2vec
vehicle fleet,3.8689929249116455,267,-0.36773112,5.036397,top2vec
vehicle charge infrastructure,3.6997715522958896,267,3.403509,-4.4569864,top2vec
heavy duty,3.6366047932079715,267,-0.4629944,0.060873497,top2vec
vehicle charging,3.5565503340369102,267,-0.40615317,4.829872,top2vec
municipal fleet,3.4776506911516463,267,0.77649415,2.5525122,top2vec
farmer market,14.944603121535323,272,0.7134574,1.4284663,top2vec
fruit vegetable,6.8140896261456865,272,0.76895195,1.0398835,top2vec
local food,5.379185030931755,272,1.9149889,0.99170893,top2vec
healthy food,5.322824436621678,272,-1.7018665,-0.24339572,top2vec
urban agriculture,5.042572619861807,272,-1.0563365,-0.17835154,top2vec
meal serve,5.018387107837803,272,0.5948174,0.6532961,top2vec
community garden,4.705636113173293,272,5.7438188,-0.6888676,top2vec
fresh fruit,3.3907515709626543,272,0.3807689,0.80029684,top2vec
number meal,3.3646126158166316,272,0.13060525,0.60903645,top2vec
fresh fruit vegetable,3.0124255341973827,272,0.5968793,0.92850226,top2vec
food agriculture,2.86625845048244,272,-1.5076964,-0.19312306,top2vec
food production,2.7740691550000705,272,-2.659571,4.733832,top2vec
locally grow,2.6704294812328677,272,1.385961,0.76316535,top2vec
provide meal,2.4772232065605313,272,-4.619641,1.3175119,top2vec
food system,2.4712099882448553,272,-0.3088422,0.27998394,top2vec
extreme heat,17.56273089483887,274,-2.377274,-1.7504288,top2vec
climate change,15.811141531741336,274,-5.603544,-0.8853887,top2vec
low income,13.410087933977618,274,-2.6450074,0.13358621,top2vec
heat wave,11.577224535947165,274,-2.2628489,-1.0257198,top2vec
vulnerable population,10.61066657350526,274,-3.3572364,-0.45625615,top2vec
air quality,7.481031585510035,274,1.396332,-2.9735181,top2vec
extreme precipitation,7.029831470138903,274,-2.574272,-1.8329741,top2vec
rain event,6.610572631499869,274,-1.4100904,-2.0876026,top2vec
air conditioning,6.395370425636202,274,-0.7014707,2.1975188,top2vec
public health,6.294189784451757,274,2.0155125,2.162301,top2vec
hot day,5.55980338159921,274,-0.5112939,0.74410576,top2vec
heat day,5.456818936164921,274,-2.3414845,-0.99836165,top2vec
extreme cold,5.185367857627882,274,-2.202777,-1.7128564,top2vec
forest fire,5.133489433393218,274,-0.77740186,-0.3264054,top2vec
vector bear,5.028306002080487,274,0.23176078,-0.091735214,top2vec
action plan,81.70657623133957,279,-3.4191236,-4.710712,top2vec
climate action,63.27672238180145,279,-5.287535,-1.2340858,top2vec
climate change,50.84009477603794,279,-5.603543,-0.88541734,top2vec
climate action plan,44.72696788584569,279,-5.025834,-1.4774445,top2vec
mitigation plan,31.53983404144524,279,-2.7846599,-4.166838,top2vec
vulnerability assessment,28.533367821134615,279,0.77974594,-2.5623186,top2vec
adaptation plan,24.91834090232634,279,-3.00565,-4.2430434,top2vec
hazard mitigation,23.267530380873286,279,-2.4377592,-3.6687496,top2vec
management plan,22.984906759450674,279,-1.9035866,-5.2826924,top2vec
hazard mitigation plan,21.0679002956454,279,-2.5479987,-3.9237802,top2vec
emission reduction,20.639803036783988,279,0.7009919,6.556181,top2vec
master plan,19.064451926522903,279,-2.82394,-5.1112022,top2vec
renewable energy,18.657786324486295,279,6.8772807,2.2739053,top2vec
plan update,17.42630870608933,279,-2.9741235,-5.1256824,top2vec
climate adaptation,15.990438881158605,279,-5.162876,-1.282107,top2vec
emission inventory,27.867077644654223,280,-5.0057597,-3.2216399,top2vec
ghg inventory,22.7305218073938,280,-4.874696,-3.2811272,top2vec
emission factor,21.105767412032048,280,0.95242345,6.512439,top2vec
inventory report,19.006253840628467,280,-4.8580246,-3.2851033,top2vec
greenhouse gas,18.240539263839953,280,0.8515518,5.1160197,top2vec
natural gas,17.441334152852306,280,-1.0461427,-0.59672654,top2vec
ghg emission,15.877171743524036,280,0.91648275,6.501636,top2vec
community protocol,14.906854535537759,280,5.71726,-0.6729494,top2vec
gas inventory,14.765718409999112,280,-4.8823457,-3.278094,top2vec
scope emission,13.964758312728033,280,0.9213722,6.4783688,top2vec
gas emission,13.285593424198284,280,0.9154943,6.501481,top2vec
datum available,12.38867183095972,280,1.1443343,0.65413105,top2vec
community inventory,12.352423972033838,280,-3.9634004,-2.725632,top2vec
detailed report,11.278288638603776,280,1.6132759,-1.1958083,top2vec
greenhouse gas emission,10.399216284430338,280,0.90370196,5.675823,top2vec
renewable energy,43.18043228920951,281,6.877464,2.2738347,top2vec
energy efficiency,30.859953379935607,281,6.7905345,3.5612805,top2vec
building code,11.253751909086397,281,4.4491835,4.7046013,top2vec
municipal building,10.684107099847042,281,4.1596203,4.5355062,top2vec
clean energy,10.357324965744821,281,6.6297536,2.811804,top2vec
energy use,10.269828394174574,281,6.6919646,3.050069,top2vec
community choice,8.531950029201585,281,5.7398806,-0.6822812,top2vec
square foot,8.031509481875704,281,-1.409254,1.2485578,top2vec
solar panel,7.69799265244621,281,-0.680967,3.5388365,top2vec
solar energy,7.652945920726808,281,6.8188033,2.6094902,top2vec
energy water,7.632028393782362,281,7.3115726,2.8479352,top2vec
solar installation,7.587287785578846,281,-1.0965166,3.768703,top2vec
build energy,7.483006629133983,281,6.5100346,2.9962063,top2vec
solar project,7.462594033218991,281,2.8149738,-2.8084698,top2vec
net energy,7.086652156360475,281,6.693771,2.8462102,top2vec
resilience hub,8.799109074706552,282,4.6145735,-1.3885496,top2vec
community resilience hub,2.3003586062538837,282,5.1847115,-0.982468,top2vec
private partnership,2.1834785534009375,282,3.0372052,0.6270236,top2vec
public private partnership,1.9130879231904405,282,2.6845155,0.8390171,top2vec
community resilience,1.9083606797874293,282,5.239419,-1.0276339,top2vec
partnership local,1.8248667763927342,282,3.2843335,0.51913196,top2vec
climate change,1.795432107810235,282,-5.6034966,-0.8853868,top2vec
public private,1.571028598875698,282,2.2103732,2.2836826,top2vec
university partnership,1.393972136944733,282,3.1543634,0.5951952,top2vec
specify local,1.3120099670838965,282,1.7140296,-0.11726992,top2vec
mobility hub,1.271828760496599,282,1.2349591,-1.531565,top2vec
university partnership capacity,1.166518414958522,282,2.8076525,0.60644615,top2vec
partnership capacity,1.166518414958522,282,3.1240711,0.48677695,top2vec
opportunity partnership,1.0972830704927685,282,3.1951382,0.5029077,top2vec
neighborhood resilience,1.0895103977766396,282,4.538859,-1.3135022,top2vec
water supply,29.912394516825763,284,1.098566,-5.047077,top2vec
water conservation,17.697049636547874,284,-0.047756143,-5.6867847,top2vec
green infrastructure,13.324905762257698,284,3.4458804,-4.628543,top2vec
water use,12.191029139507672,284,1.096904,-5.1702294,top2vec
treatment plant,11.372535744759892,284,-3.3008914,1.0871316,top2vec
stormwater management,10.047257837130143,284,-0.17680891,-4.937148,top2vec
storm water,9.385372842894617,284,1.1034505,-5.1331916,top2vec
long term,8.891591074549414,284,0.09995658,-0.33178127,top2vec
water quality,8.598682677724598,284,1.2513903,-4.6117234,top2vec
wastewater treatment,8.19610946664042,284,0.39835295,-4.930668,top2vec
conservation plan,7.900135565730862,284,-2.3280928,-4.715975,top2vec
stormwater infrastructure,7.6414510416618855,284,3.2367427,-4.684867,top2vec
water treatment,7.614616589625587,284,0.645255,-4.9655395,top2vec
recycled water,7.203115727397563,284,0.95543057,-5.415354,top2vec
saltwater intrusion,6.926709413555925,284,0.5769424,-3.6537066,top2vec
specify fund,8.962660951445613,285,1.4815236,-0.4095729,top2vec
specify increase,7.745440945854431,285,-1.194606,-1.3005017,top2vec
specify grant,6.8537768759918585,285,1.5213419,-0.22931916,top2vec
project fund,6.470002848876508,285,2.704018,-2.769284,top2vec
specify project,6.312453645241749,285,2.4850397,-2.4694777,top2vec
specify energy,5.573414635712971,285,6.232636,2.8575594,top2vec
specify project fund,5.377772018474825,285,2.2829735,-2.1481755,top2vec
specify county,4.831776026252941,285,-0.16946834,-0.88093585,top2vec
specify state,4.752588050384727,285,1.577022,-0.26066336,top2vec
specify year,4.668589182409123,285,0.8494775,-0.45739052,top2vec
specify climate,4.528357480208982,285,-5.341209,-0.94069,top2vec
specify infrastructure,4.419343345360331,285,3.4206877,-4.5742936,top2vec
specify water,3.8275761168864886,285,0.9645875,-4.607701,top2vec
specify local,3.6845329413476935,285,1.7140689,-0.11692364,top2vec
specify community,3.489263643009849,285,5.6535797,-0.69810283,top2vec
tree canopy,24.37733773408687,286,-2.7109857,2.0722635,top2vec
open space,15.66446659606059,286,-0.2021678,1.0770955,top2vec
tree planting,10.300116338307319,286,-3.229564,2.162534,top2vec
orient development,9.763510694776521,286,4.375536,-2.7006943,top2vec
bike share,8.72262817348257,286,0.59340644,2.4746716,top2vec
street light,6.784791051072419,286,-1.7941227,2.4711325,top2vec
tree plant,6.446133105434723,286,-3.2191877,1.8355858,top2vec
lead streetlight,6.410183350571433,286,-1.4878981,2.416687,top2vec
master plan,5.994760317023315,286,-2.823427,-5.1112943,top2vec
transit orient,5.89216912833911,286,1.0029176,3.8933506,top2vec
urban tree,5.859045362675424,286,-2.6191876,2.084922,top2vec
outdoor lighting,5.439087918477661,286,-0.7364952,2.6694672,top2vec
land use,5.149883752841482,286,-3.1638465,1.4051745,top2vec
complete street,4.867558156961076,286,-1.9018557,2.3743792,top2vec
green space,4.836386079754887,286,-2.3122761,2.4257174,top2vec
lead streetlight,7.89652433199431,0,3.7603912,6.5849156,bert_hdbscan
outdoor lighting,4.234449711638695,0,4.81327,6.23489,bert_hdbscan
street light,3.5661543755817315,0,4.174911,6.713728,bert_hdbscan
light lead,2.506935406619488,0,3.5236413,5.9180665,bert_hdbscan
lead lighting,1.9384941371971705,0,3.5523198,5.909877,bert_hdbscan
light led,1.8282016213034682,0,3.6687386,5.880707,bert_hdbscan
streetlight conversion,1.7089271120231486,0,2.9386353,7.1142406,bert_hdbscan
traffic light,1.7034279714415987,0,3.9815257,6.9571557,bert_hdbscan
street lighting,1.4440445728894704,0,4.2229066,6.6873207,bert_hdbscan
light lead conversion,1.2568867069808407,0,2.5430331,6.759223,bert_hdbscan
street light lead,1.2353528578181519,0,3.8401706,6.647363,bert_hdbscan
lead conversion,1.1638845973916456,0,2.0018706,6.803806,bert_hdbscan
light retrofit,1.019638644530608,0,3.066293,5.7515445,bert_hdbscan
replace streetlight,1.0175660337881296,0,3.276028,7.332294,bert_hdbscan
light project,1.0,0,4.0225296,5.076943,bert_hdbscan
single use,3.2343538497261957,1,-7.6701455,0.60636294,bert_hdbscan
plastic bag,3.0824857180379173,1,-6.4652658,2.5670762,bert_hdbscan
single use plastic,2.4666361846463336,1,-7.5611696,1.4366364,bert_hdbscan
use plastic,2.4338155787674993,1,-7.1681786,2.0072277,bert_hdbscan
bag ban,1.8514470829868226,1,-5.326741,2.5327432,bert_hdbscan
plastic straw,1.4786655916713185,1,-6.943381,2.5642445,bert_hdbscan
checkout bag,1.1169029431748174,1,-5.2993855,2.67032,bert_hdbscan
ban plastic,0.9992275971284306,1,-6.899864,2.5386834,bert_hdbscan
use plastic bag,0.8495013845255884,1,-6.713808,2.2042527,bert_hdbscan
food service,0.7813288722766106,1,-5.561968,-1.6266556,bert_hdbscan
plastic bag ban,0.7612896965439819,1,-6.46181,2.59825,bert_hdbscan
use foodware,0.7424162666889119,1,-6.6521344,-0.28400832,bert_hdbscan
single use foodware,0.7424162666889119,1,-7.4308434,0.2884068,bert_hdbscan
reusable bag,0.7423021183469786,1,-5.252382,2.5293946,bert_hdbscan
food beverage,0.7037789752651246,1,-5.3594103,-0.8821388,bert_hdbscan
vector bear,1.9208178408681447,56,4.761554,-6.3907228,bert_hdbscan
bear disease,1.8641697309937908,56,4.9826245,-6.4025764,bert_hdbscan
vector bear disease,1.712599760874111,56,4.885237,-6.402561,bert_hdbscan
tick mosquito,1.4271509796354793,56,7.842228,3.5779305,bert_hdbscan
lyme disease,1.0745248859240923,56,-0.010558606,7.5333977,bert_hdbscan
tick population,1.0239928275735846,56,7.2807555,1.0601535,bert_hdbscan
infectious disease,1.0078000404929872,56,-0.016005265,7.5201,bert_hdbscan
insect population,0.9227311663475598,56,7.3786373,1.5466264,bert_hdbscan
disease carry,0.8970474516815299,56,-0.031048153,7.486917,bert_hdbscan
warm temperature,0.8889470566455271,56,-2.967739,2.9098248,bert_hdbscan
mosquito tick,0.655498207093882,56,7.8432293,3.578646,bert_hdbscan
warm temperature allow,0.6488696173720818,56,-2.8110478,2.8553185,bert_hdbscan
cold winter,0.6472325472042817,56,-3.261773,3.7228384,bert_hdbscan
increase insect,0.6376051133927096,56,6.994697,2.9897206,bert_hdbscan
temperature allow,0.632923337355781,56,-2.640063,2.8129873,bert_hdbscan
datum available,7.967938673838199,79,4.514378,-1.0461779,bert_hdbscan
information available,2.0,79,3.5760057,-1.2340729,bert_hdbscan
state database,2.0,79,4.4244447,0.24164468,bert_hdbscan
available datum,1.9068728637374295,79,4.508925,-1.0385581,bert_hdbscan
datum readily,1.5827259864838723,79,5.094562,-1.0625087,bert_hdbscan
datum exact,1.0,79,5.077108,-1.0191793,bert_hdbscan
publicly available,1.0,79,3.3084264,-0.54451156,bert_hdbscan
cost information,1.0,79,3.241654,-1.4983697,bert_hdbscan
data collect,1.0,79,3.83639,-2.022356,bert_hdbscan
data available,1.0,79,3.8262618,-1.2531074,bert_hdbscan
datum provide,1.0,79,4.853917,-1.0350922,bert_hdbscan
lack datum,1.0,79,5.326777,-1.1319911,bert_hdbscan
tonne serve,1.0,79,-1.0790114,-0.78950834,bert_hdbscan
quality relevant,0.9574511684629224,79,-3.3067887,1.2833984,bert_hdbscan
quality relevant datum,0.9574511684629224,79,-3.3101556,1.3362409,bert_hdbscan
vulnerability assessment,4.3597707247067214,83,1.44652,2.8209248,bert_hdbscan
pre feasibility,1.252917777785052,83,1.5085529,1.1750691,bert_hdbscan
resilience assessment,1.1734827181126342,83,1.1237112,2.7413409,bert_hdbscan
impact assessment,1.0588320783885494,83,1.780322,2.3622534,bert_hdbscan
preliminary assessment,1.0,83,2.2214935,2.6839178,bert_hdbscan
enhanced resilience,1.0,83,-0.4195963,2.4457035,bert_hdbscan
brownfield assessment,1.0,83,2.294549,3.4563982,bert_hdbscan
resilience hub,1.0,83,-0.34647965,2.4878285,bert_hdbscan
assessment look,1.0,83,2.2407725,2.9234684,bert_hdbscan
master plan,1.0,83,0.58756155,4.7480183,bert_hdbscan
pre feasibility impact,0.9005630984209225,83,1.3552086,1.4522694,bert_hdbscan
feasibility impact assessment,0.9005630984209225,83,1.500914,2.149664,bert_hdbscan
feasibility impact,0.9005630984209225,83,1.224121,1.650914,bert_hdbscan
build environment,0.7783682283650286,83,-4.481561,-5.163854,bert_hdbscan
assessment tool,0.7548142402600859,83,2.3770757,3.028626,bert_hdbscan
orient development,5.961463697931565,87,-0.099450365,0.51513535,bert_hdbscan
development zoning,1.2570448843104183,87,-0.30079964,0.59523666,bert_hdbscan
orient development zoning,1.2570448843104183,87,-0.07803434,0.48826534,bert_hdbscan
transit orient development,1.0813045455306343,87,0.5130625,0.2322591,bert_hdbscan
transit orient,1.0451251591490833,87,1.2320426,-0.16926591,bert_hdbscan
work challenge,1.0,87,-2.0563688,7.3590617,bert_hdbscan
grow strong,1.0,87,-0.8217471,2.0042548,bert_hdbscan
create streamline,1.0,87,-4.0990853,-7.6733303,bert_hdbscan
saver challenge,1.0,87,-2.0455616,7.3362036,bert_hdbscan
silver line,1.0,87,-7.2063117,4.671614,bert_hdbscan
infill development,0.7666208157925953,87,-0.28066704,0.626145,bert_hdbscan
increase development,0.7354264123634255,87,-0.41174293,0.96384823,bert_hdbscan
unify ordinance,0.718046526342634,87,2.5659986,1.1877261,bert_hdbscan
multifamily development,0.695995104873071,87,-0.5978304,0.34598708,bert_hdbscan
impervious surface,0.6776045985663475,87,0.12803668,-0.9172523,bert_hdbscan
tree canopy,17.130231156870234,106,-4.5876245,5.9542437,bert_hdbscan
tree planting,7.71006810982155,106,-4.8861294,4.9140944,bert_hdbscan
tree plant,6.180906963127927,106,-4.96333,4.856506,bert_hdbscan
urban tree,4.190115265979295,106,-5.0707874,5.863945,bert_hdbscan
urban tree canopy,3.3914314758117143,106,-4.852137,6.133167,bert_hdbscan
canopy coverage,3.3156679235682676,106,2.3446677,-8.436083,bert_hdbscan
plant tree,3.1557553120734063,106,-4.9663725,4.8694687,bert_hdbscan
tree canopy coverage,2.834216149217323,106,-4.343475,6.348762,bert_hdbscan
increase tree,2.771858178894981,106,-4.023247,5.315862,bert_hdbscan
increase tree canopy,2.3956739910769342,106,-4.0103474,5.622854,bert_hdbscan
new tree,2.214912177234151,106,-5.4421816,5.2823787,bert_hdbscan
food agriculture,2.0,106,-6.9679413,-2.264967,bert_hdbscan
tree year,1.9021038461519453,106,5.6520815,4.0831304,bert_hdbscan
canopy cover,1.8134536210256262,106,2.3596213,-8.479891,bert_hdbscan
regenerative agriculture,1.7803151462471234,106,-7.325416,-2.6294847,bert_hdbscan
renewable energy,9.088893712667259,123,-3.3518753,-3.334412,bert_hdbscan
solar project,8.022459443895066,123,-1.3761588,-5.6374493,bert_hdbscan
solar panel,7.434000041250797,123,-2.0461786,-6.423427,bert_hdbscan
solar installation,7.41463469950661,123,-1.4656035,-6.4856606,bert_hdbscan
solar energy,6.791584391583144,123,-2.182658,-4.9192066,bert_hdbscan
rooftop solar,6.0130295594659655,123,-2.0749276,-6.771761,bert_hdbscan
instal solar,5.047848288629145,123,-1.5463253,-6.311825,bert_hdbscan
solar array,5.036492752409989,123,-1.7783258,-5.811875,bert_hdbscan
community solar,4.5898915042444886,123,-2.410368,-5.7988605,bert_hdbscan
solar system,3.8318705481593613,123,-1.7312083,-5.698127,bert_hdbscan
battery storage,3.604273062247537,123,0.30406106,-5.382495,bert_hdbscan
install solar,3.538019358143296,123,-1.5171949,-6.3886175,bert_hdbscan
solar power,3.5214778286319466,123,-2.0905492,-5.036801,bert_hdbscan
solar storage,2.9181772545241205,123,-0.84635675,-5.8169627,bert_hdbscan
local solar,2.516484725981903,123,-2.1555603,-5.70236,bert_hdbscan
inventory report,12.787955196866555,160,5.1753545,-3.7560234,bert_hdbscan
detailed report,9.824684140479468,160,5.6191273,-3.2401397,bert_hdbscan
community inventory,5.766215566524217,160,3.679102,-3.8248138,bert_hdbscan
community inventory report,5.224707054463688,160,4.660645,-3.9433012,bert_hdbscan
inventory spreadsheet,3.3536460182384684,160,3.0054026,-2.9723606,bert_hdbscan
ghg inventory,2.130560828314774,160,2.2711835,-3.0214288,bert_hdbscan
inventory detailed report,2.0319179485366408,160,5.1933613,-3.359274,bert_hdbscan
inventory detailed,2.0319179485366408,160,3.7110672,-2.8856766,bert_hdbscan
indicator report,2.0,160,6.018681,-4.0300126,bert_hdbscan
summary report,2.0,160,5.9837794,-3.429239,bert_hdbscan
reporting tool,2.0,160,5.8494515,-4.3335648,bert_hdbscan
progress report,1.715738155136834,160,6.0954485,-3.6284785,bert_hdbscan
inventory final,1.6772350530505928,160,2.9482436,-3.115299,bert_hdbscan
annual report,1.4921267088047063,160,6.29896,-3.1370282,bert_hdbscan
final report,1.4841856629204435,160,6.2951336,-3.5009372,bert_hdbscan
renewable energy,32.73144236220082,169,-3.3512414,-3.3345585,bert_hdbscan
energy efficiency,32.45007213615268,169,-2.2640555,-2.5200784,bert_hdbscan
energy use,11.693304779647722,169,-3.1964614,-2.683609,bert_hdbscan
clean energy,7.803792479385789,169,-2.5991452,-3.175455,bert_hdbscan
reduce energy,7.7331510204941525,169,-2.828403,-2.5664778,bert_hdbscan
square foot,6.638024139128757,169,2.5975535,-6.380234,bert_hdbscan
efficiency program,6.527505984204102,169,-1.6155039,-1.8726758,bert_hdbscan
municipal building,5.976867222510769,169,-5.224711,-5.7519884,bert_hdbscan
energy efficient,5.730918881089102,169,-2.3162985,-2.5566478,bert_hdbscan
energy water,5.658446450059273,169,-3.093177,-1.4385662,bert_hdbscan
energy efficiency program,5.474028159560452,169,-1.9383084,-2.2386973,bert_hdbscan
energy consumption,5.437803713807745,169,-3.296376,-2.554496,bert_hdbscan
local energy,5.018442737423966,169,-2.695833,-3.6820908,bert_hdbscan
net energy,5.00056989231977,169,-2.6815584,-3.134969,bert_hdbscan
building energy,4.854004911204013,169,-3.4261203,-3.9513335,bert_hdbscan
farmer market,15.20572914893981,170,-7.721111,-2.5948753,bert_hdbscan
fruit vegetable,6.874660192208064,170,-5.112675,0.82388985,bert_hdbscan
local food,4.8822458371544375,170,-6.006361,-1.5049596,bert_hdbscan
community garden,4.634855115462321,170,-6.654477,-3.645845,bert_hdbscan
urban agriculture,4.312424012480586,170,-7.289843,-2.781086,bert_hdbscan
meal serve,3.85637288039901,170,-5.4009404,-1.2259238,bert_hdbscan
healthy food,3.580249459697877,170,-5.7851543,-0.8075989,bert_hdbscan
fresh fruit,3.3907515709626543,170,-5.221466,0.8621249,bert_hdbscan
number meal,3.3646126158166316,170,-5.0738215,-1.0383964,bert_hdbscan
fresh fruit vegetable,3.0124255341973827,170,-5.1937203,0.84359694,bert_hdbscan
grocery store,2.9041655042928607,170,-7.235621,-1.2237498,bert_hdbscan
locally grow,2.6704294812328677,170,-0.8780117,1.427815,bert_hdbscan
food purchase,2.354894815012929,170,-6.4437666,-1.1215241,bert_hdbscan
fresh food,1.963891437914777,170,-5.7032533,-0.3493392,bert_hdbscan
food production,1.9329472916164323,170,-6.1156073,-1.770499,bert_hdbscan
electric vehicle,25.169129493064357,177,-0.9252232,-3.9452784,bert_hdbscan
charging station,10.973990484622954,177,0.37500817,-4.4327164,bert_hdbscan
electric bus,9.572017213186706,177,-1.0149736,-3.8470762,bert_hdbscan
vehicle charge,7.906253646927813,177,-0.3782884,-4.083618,bert_hdbscan
bike share,7.842421813873774,177,0.0650511,-8.222002,bert_hdbscan
electric vehicle charge,7.700805552718205,177,-0.72653127,-4.0317287,bert_hdbscan
charge infrastructure,7.223823893119136,177,-4.3227854,-5.6769485,bert_hdbscan
charge station,5.8193390555905005,177,0.38492623,-4.4267936,bert_hdbscan
public transit,5.50916160134763,177,2.15867,-0.5255661,bert_hdbscan
public transportation,4.525534676807539,177,2.1441495,-0.5639159,bert_hdbscan
mile travel,4.519226106601155,177,2.2756522,-4.8229117,bert_hdbscan
share program,4.348180164577023,177,0.04715522,-8.00837,bert_hdbscan
transit orient,4.300492846612371,177,1.2320428,-0.16926788,bert_hdbscan
transit system,4.135711317632838,177,1.4367677,-0.3925113,bert_hdbscan
bike share program,3.9702261532160343,177,0.050909627,-8.182937,bert_hdbscan
square mile,9.18097832095116,179,2.457199,-5.629964,bert_hdbscan
locate mile,2.7752551498486726,179,2.2742038,-4.836803,bert_hdbscan
county seat,2.699445478931826,179,3.7067409,0.6869887,bert_hdbscan
area square mile,2.170745184383343,179,2.3575318,-5.823014,bert_hdbscan
area square,2.124526557707414,179,2.229313,-6.3574204,bert_hdbscan
population approximately,2.054211275645456,179,6.9531407,0.6039732,bert_hdbscan
large population,1.8182388209912879,179,7.301902,0.2807892,bert_hdbscan
second large,1.7586023957139245,179,7.737069,-1.3976697,bert_hdbscan
estimate population,1.6809209025201854,179,7.032866,0.7577473,bert_hdbscan
mile north,1.3023216294808575,179,2.437085,-4.9572062,bert_hdbscan
approximately resident,1.2748481447107256,179,5.870579,0.33425364,bert_hdbscan
total area,1.238143172836001,179,1.6109766,-6.439254,bert_hdbscan
approximately square,1.2373907497133476,179,2.5298593,-6.282753,bert_hdbscan
large municipality,1.2335746614054475,179,-4.9715667,-3.761408,bert_hdbscan
mile population,1.1886424520795917,179,7.2499285,0.45581925,bert_hdbscan
commercial building,10.560988130543373,184,-6.516938,-5.9301844,bert_hdbscan
include commercial,8.74317417272028,184,-7.296448,-6.035521,bert_hdbscan
include commercial building,6.677163330322037,184,-6.9199166,-6.082747,bert_hdbscan
building facility,5.523399313723152,184,-5.1362705,-6.0572104,bert_hdbscan
green infrastructure,5.392548457165114,184,-5.11065,-4.962293,bert_hdbscan
commercial building facility,4.650674115074588,184,-6.4465723,-5.9737725,bert_hdbscan
building code,4.2105116271444825,184,-4.5041556,-6.701427,bert_hdbscan
residential commercial,3.659300190813945,184,-7.0015936,-5.5898585,bert_hdbscan
business program,3.646545028926705,184,1.6332127,4.69931,bert_hdbscan
green building,2.852715970113138,184,-5.2370305,-4.9898577,bert_hdbscan
green business,2.8407301308621906,184,-5.849551,-4.599147,bert_hdbscan
financial service,2.352323796000282,184,-5.2989717,-2.5033097,bert_hdbscan
damage public,2.20192747676739,184,2.563499,0.22862084,bert_hdbscan
institutional building,2.2008682574601335,184,-5.320752,-6.285531,bert_hdbscan
building program,2.078720671885071,184,-4.4423113,-6.5505986,bert_hdbscan
action plan,58.58007773180139,187,0.01613295,4.914003,bert_hdbscan
climate action,39.81647079356004,187,-1.48908,4.31961,bert_hdbscan
climate action plan,30.25631055758626,187,-0.94833523,4.5265856,bert_hdbscan
mitigation plan,23.681924500669403,187,0.4115763,4.3906417,bert_hdbscan
climate change,22.73651135094858,187,-2.1475797,4.2869205,bert_hdbscan
hazard mitigation,17.201560845284646,187,0.4041653,3.1024618,bert_hdbscan
adaptation plan,16.920228320207528,187,-0.12571241,5.379106,bert_hdbscan
hazard mitigation plan,16.019681842356995,187,0.3823337,3.874879,bert_hdbscan
vulnerability assessment,12.116452934873115,187,1.4465189,2.8209248,bert_hdbscan
climate adaptation,9.499290816705987,187,-1.8894633,4.569318,bert_hdbscan
plan update,9.458485321917989,187,0.5317792,5.362797,bert_hdbscan
action adaptation plan,7.263333670627889,187,-0.33819592,5.367235,bert_hdbscan
action adaptation,7.194182550604563,187,-1.0007621,5.52336,bert_hdbscan
climate resilience,6.1461486172625825,187,-1.4696414,3.4931564,bert_hdbscan
climate action adaptation,6.051789686349173,187,-1.6377944,4.7770886,bert_hdbscan
specify fund,8.363363004629278,190,4.3589573,2.6533809,bert_hdbscan
specify year,7.0281459334168055,190,5.5048633,2.796039,bert_hdbscan
specify grant,6.0789002545884525,190,4.403435,2.150836,bert_hdbscan
specify project,5.799197186297688,190,4.373776,3.6258154,bert_hdbscan
specify project fund,5.6281802176383415,190,4.3100724,3.3958197,bert_hdbscan
project fund,4.943354434947179,190,4.1666884,3.5965977,bert_hdbscan
specify increase,4.173548593597685,190,3.624149,2.001427,bert_hdbscan
specify funding,3.624934436034884,190,4.3776946,2.581623,bert_hdbscan
specify population,3.5858363902853334,190,6.544091,1.2279485,bert_hdbscan
specify people,3.347507039330674,190,6.157098,1.6021605,bert_hdbscan
specify county,3.158917200650247,190,4.244137,1.041802,bert_hdbscan
specify homeless,2.851746618520598,190,5.200707,1.6706533,bert_hdbscan
homeless population,2.738174172179875,190,6.434162,0.78146166,bert_hdbscan
specify state,2.7299597843274417,190,4.482283,1.0334547,bert_hdbscan
specify live,2.6049763112513644,190,4.838178,1.4765986,bert_hdbscan
emission inventory,26.766779532396782,191,2.3718905,-2.793087,bert_hdbscan
greenhouse gas,20.524302295423865,191,0.06774127,-2.6300032,bert_hdbscan
ghg emission,18.744513414217934,191,0.8679375,-2.0689223,bert_hdbscan
ghg inventory,18.269439941679863,191,2.2711833,-3.0214286,bert_hdbscan
gas emission,15.62528233796797,191,0.324469,-2.5808668,bert_hdbscan
natural gas,15.237844019115697,191,-0.018300677,-2.6546736,bert_hdbscan
emission reduction,15.151778018633147,191,0.8361589,-1.5550219,bert_hdbscan
solid waste,14.883797156863015,191,-0.6591306,-1.044961,bert_hdbscan
gas inventory,14.599534574423306,191,1.056829,-3.0063055,bert_hdbscan
greenhouse gas emission,12.935732598601195,191,0.16492018,-2.6026306,bert_hdbscan
scope emission,10.838230870106434,191,1.3064649,-1.7688239,bert_hdbscan
carbon neutrality,9.013299554885242,191,-0.66514933,-1.8217888,bert_hdbscan
gas emission inventory,8.086269184026495,191,0.9911337,-2.9341533,bert_hdbscan
consumption base,7.850499749657479,191,-3.9354427,-2.0655625,bert_hdbscan
food waste,7.7580400888142425,191,-5.022347,-1.5542402,bert_hdbscan
water supply,32.38953076641416,193,-3.2246568,-0.6231501,bert_hdbscan
sea level,32.186614462218785,193,-2.1171956,1.1142645,bert_hdbscan
level rise,30.977925719199252,193,-1.7106973,1.4071428,bert_hdbscan
sea level rise,29.079301728504042,193,-1.9866753,1.2261065,bert_hdbscan
management plan,23.54939620046096,193,0.56410134,4.7699294,bert_hdbscan
water conservation,19.45195799580894,193,-3.2511227,-0.2639743,bert_hdbscan
climate change,15.887490250662486,193,-2.1475794,4.2869205,bert_hdbscan
water use,15.371662647601052,193,-3.5162492,-0.46890968,bert_hdbscan
water quality,15.182495468050025,193,-3.2677538,0.2597218,bert_hdbscan
extreme heat,14.300109200181703,193,-3.1246295,2.7087348,bert_hdbscan
storm water,13.232575840492672,193,-2.466616,-0.2664202,bert_hdbscan
stormwater management,11.214885325232729,193,-2.3912969,-0.17131896,bert_hdbscan
water resource,10.172160029871707,193,-3.252019,-0.63760924,bert_hdbscan
heat wave,9.874191530296143,193,-3.351156,2.6284115,bert_hdbscan
water management,8.981483036746635,193,-2.6022975,-0.2191836,bert_hdbscan
sea level,38.67617436225418,1,-0.81221455,-0.0074129794,nmf_kullback
level rise,37.54488531827244,1,-0.8468623,-0.16337332,nmf_kullback
sea level rise,35.80162335466032,1,-0.738351,0.22370787,nmf_kullback
storm surge,8.521617085447069,1,-0.85082805,-0.7868973,nmf_kullback
flood sea level,4.011830796334625,1,-0.6728086,-0.58744824,nmf_kullback
flood sea,4.011830796334625,1,-0.5948719,-1.2089756,nmf_kullback
coastal flooding,3.8925580059979668,1,-0.6726302,-1.3039806,nmf_kullback
climate change,3.8791355643844176,1,-3.0118244,-2.8985882,nmf_kullback
rise storm,3.373248276672508,1,-1.0232326,-0.8925832,nmf_kullback
level rise storm,3.373248276672508,1,-0.8200733,-0.24444167,nmf_kullback
vulnerability assessment,3.3191543581282232,1,-2.0434906,-1.3841432,nmf_kullback
rise vulnerability,3.1165157560997576,1,-1.9346678,-1.4073162,nmf_kullback
level rise vulnerability,2.98857701911192,1,-1.8071296,-1.2006644,nmf_kullback
level rise projection,2.781015036822892,1,1.9153718,2.3143582,nmf_kullback
rise projection,2.781015036822892,1,2.2030838,2.4437666,nmf_kullback
open space,17.577889285475834,36,0.24625075,1.4671121,nmf_kullback
square mile,8.310064908529071,36,0.5657136,3.076662,nmf_kullback
defensible space,6.212052823254282,36,-0.04265638,1.6150199,nmf_kullback
county seat,3.083207087349507,36,1.021449,0.6013174,nmf_kullback
park open,2.1090780994451417,36,0.34231365,1.7943411,nmf_kullback
park open space,2.1090780994451417,36,0.17456761,1.570636,nmf_kullback
area exclude,2.0845443375803425,36,0.8584199,3.1013646,nmf_kullback
system report,2.0,36,-2.3603346,0.64474666,nmf_kullback
designate open space,1.8979850326022105,36,0.09963204,1.3653961,nmf_kullback
designate open,1.8979850326022105,36,0.11722652,1.3288671,nmf_kullback
tax revenue,1.8826661290404827,36,0.0072322153,2.0084386,nmf_kullback
area square mile,1.8388985539456015,36,0.51594913,2.8415747,nmf_kullback
area square,1.79974547122951,36,0.86143947,3.2564354,nmf_kullback
sugary drink,1.7729669763169968,36,-0.2977362,1.5605816,nmf_kullback
legally designate open,1.754895527490425,36,-0.03628832,1.5656825,nmf_kullback
air quality,18.257140804104896,50,1.3398124,-0.48866996,nmf_kullback
improve air quality,3.9559983864007324,50,1.5742639,-0.43176505,nmf_kullback
improve air,3.911009028905821,50,1.9483758,-0.54293483,nmf_kullback
poor air,3.326909071056305,50,-0.35267076,1.4367812,nmf_kullback
poor air quality,3.1908766377984636,50,1.0641972,-0.08486869,nmf_kullback
environmental quality,3.1284905246625447,50,1.4475603,-0.3202471,nmf_kullback
forest fire,2.8280418343879288,50,0.21821292,0.5861804,nmf_kullback
urban interface,2.6218611540602645,50,-0.015790658,0.8337908,nmf_kullback
job creation,2.40027016685589,50,-1.4068906,4.670884,nmf_kullback
air pollution,2.2922900617443993,50,-1.4828019,1.4096045,nmf_kullback
wildland fire,2.2467019339012277,50,0.023638727,0.41400194,nmf_kullback
level ozone,2.1654815082965606,50,-0.7916963,0.21976167,nmf_kullback
wildland urban,2.126444684917772,50,-0.017859017,0.46883819,nmf_kullback
wildland urban interface,2.126444684917772,50,-0.059274677,0.7715089,nmf_kullback
club ride,2.095544541163965,50,-0.3428532,1.8000741,nmf_kullback
commercial building,15.18103484078212,83,1.6365147,4.7894983,nmf_kullback
include commercial,9.648343490000638,83,1.037528,4.5720625,nmf_kullback
residential commercial,9.506391904096256,83,0.64760464,5.2086344,nmf_kullback
building facility,7.769978885166702,83,1.9906845,4.7756886,nmf_kullback
building code,7.233219882030441,83,2.0025547,4.968835,nmf_kullback
include commercial building,6.677163330322037,83,1.3555802,4.514112,nmf_kullback
commercial building facility,5.521345387682793,83,1.605952,4.5223465,nmf_kullback
commercial industrial,5.013444394467184,83,0.97433203,4.6133394,nmf_kullback
green building,4.288809773334179,83,2.0003872,4.9094763,nmf_kullback
square foot,4.037565914888128,83,0.4741851,2.895814,nmf_kullback
residential building,3.738715746739972,83,0.9566773,5.331338,nmf_kullback
municipal building,3.7369479697319696,83,1.8391073,4.654983,nmf_kullback
residential commercial industrial,3.5146564246443677,83,0.6877162,4.912835,nmf_kullback
reach code,3.4169899826783343,83,-0.8057564,1.6309928,nmf_kullback
institutional building,3.2948135896306048,83,1.5770826,4.146978,nmf_kullback
water supply,38.58571431982083,108,1.906973,-2.3968256,nmf_kullback
water conservation,23.463396232898273,108,2.455489,-2.0740216,nmf_kullback
water use,21.56487101928475,108,1.9478722,-2.4548728,nmf_kullback
water quality,17.86605239021465,108,1.9280639,-1.9148223,nmf_kullback
storm water,16.313617046020422,108,1.6740187,-2.588235,nmf_kullback
stormwater management,15.292414598445527,108,0.5671228,-2.0315917,nmf_kullback
treatment plant,15.084203644079802,108,0.3739571,-1.1359047,nmf_kullback
wastewater treatment,12.440841153601268,108,0.8971422,-2.1260722,nmf_kullback
water treatment,11.038674352874107,108,1.3059067,-2.2007,nmf_kullback
conservation plan,10.986526958169264,108,-3.434253,-0.35736662,nmf_kullback
water resource,9.98065651707715,108,1.9892997,-2.3418052,nmf_kullback
energy water,8.982323267953852,108,4.337433,3.438153,nmf_kullback
water efficiency,8.166002178363458,108,2.634223,-1.7922915,nmf_kullback
surface water,8.051589286809481,108,1.7749826,-2.4056568,nmf_kullback
potable water,7.638729294428264,108,1.8356539,-2.3774824,nmf_kullback
green infrastructure,21.649595814105563,114,3.6452937,1.327166,nmf_kullback
infrastructure project,9.999110896569494,114,3.5344439,1.3903738,nmf_kullback
stormwater infrastructure,9.644767960354539,114,3.6394205,1.2128447,nmf_kullback
specify fund,8.962660951445613,114,0.7783616,1.9527582,nmf_kullback
food waste,8.770416417978259,114,-0.25982797,-3.0877824,nmf_kullback
cool center,7.5952265996441115,114,0.8469182,1.1359106,nmf_kullback
flood control,6.1912435885231725,114,-0.4275016,-0.8928579,nmf_kullback
specify infrastructure,6.140875378111011,114,3.5654147,1.3328589,nmf_kullback
community wide,6.095568994680512,114,3.9019358,-0.52029127,nmf_kullback
infrastructure improvement,5.638338988376021,114,3.5187294,1.2916908,nmf_kullback
specify state,4.734873303382684,114,0.91966957,1.7934161,nmf_kullback
information available,4.729773626708831,114,-0.503073,2.8266711,nmf_kullback
green infrastructure project,4.7133952872958265,114,3.320838,1.4178383,nmf_kullback
specify green,4.676750972273412,114,0.40979427,1.9348629,nmf_kullback
storm wind,4.6663223650014904,114,-0.8827468,-0.7444392,nmf_kullback
renewable energy,58.40103910754724,119,3.9516807,4.226652,nmf_kullback
energy efficiency,37.096108199361915,119,3.938065,3.8327646,nmf_kullback
energy use,19.10967193813924,119,3.9394407,3.9590743,nmf_kullback
clean energy,18.327980127105043,119,3.905255,3.9915826,nmf_kullback
reduce energy,11.50529714091381,119,4.324578,3.8344011,nmf_kullback
solar project,9.408106960087174,119,2.3572826,2.7194045,nmf_kullback
energy generation,8.917419134892414,119,3.822346,4.030626,nmf_kullback
community choice,8.673062568255249,119,3.859006,-0.4884777,nmf_kullback
specify increase,8.421147614747193,119,-2.6020505,5.1658053,nmf_kullback
electric bus,8.025513671256034,119,-2.963007,3.6626623,nmf_kullback
solar panel,7.764980631843181,119,0.20667852,2.335275,nmf_kullback
build energy,7.560147909311413,119,3.7712913,4.050148,nmf_kullback
energy consumption,7.461686976088403,119,3.6688886,3.8378973,nmf_kullback
flood mapping,7.456983564026601,119,-0.5844903,-1.1420367,nmf_kullback
solar energy,7.3934529936860125,119,3.9523885,4.147804,nmf_kullback
tree canopy,26.9220217286125,121,-1.2926332,1.0018119,nmf_kullback
lead streetlight,9.641692503239371,121,-1.1758168,1.8861781,nmf_kullback
tree planting,7.8829791750997975,121,-1.8166072,0.84523094,nmf_kullback
tree plant,5.870507206375071,121,-1.7864895,0.7385718,nmf_kullback
urban tree,5.653849873286797,121,-0.9754204,0.8982548,nmf_kullback
outdoor lighting,5.439087918477661,121,-0.8191599,2.7010934,nmf_kullback
street light,4.589983141007378,121,-1.3679742,1.7329723,nmf_kullback
specify transportation,4.398962437297326,121,-1.6638727,3.7634892,nmf_kullback
urban tree canopy,4.319440396375295,121,-0.8028792,0.9750272,nmf_kullback
increase tree,4.308710858815318,121,-2.6650796,5.2474833,nmf_kullback
increase tree canopy,3.9017288834272414,121,-2.571392,5.0744243,nmf_kullback
strategic plan,3.8814413709331594,121,-3.9063962,0.032757927,nmf_kullback
trade off,3.8406342526355277,121,-0.61771125,2.003281,nmf_kullback
canopy coverage,3.555480696033966,121,-0.8121198,1.4140366,nmf_kullback
tree canopy coverage,3.2781126024940037,121,-0.8503159,1.3446147,nmf_kullback
natural gas,29.108134055914107,124,-0.049494706,0.5440474,nmf_kullback
land use,14.671547325515192,124,0.08560687,0.14671539,nmf_kullback
fugitive emission,5.056938078331538,124,-3.5515697,2.2573864,nmf_kullback
gas use,4.10050903158284,124,-1.1446449,2.250144,nmf_kullback
natural gas use,4.10050903158284,124,-0.14227907,0.778168,nmf_kullback
specify sustainable,3.591761868800118,124,0.8458019,2.4320493,nmf_kullback
large emitter,3.347739426511253,124,-0.10726402,1.9539627,nmf_kullback
land use planning,3.3447016612320035,124,0.07783563,-0.30831316,nmf_kullback
use planning,3.3152196485613543,124,0.20188417,-0.5729258,nmf_kullback
electri natural,3.219045210541406,124,-2.6061363,3.305397,nmf_kullback
electri natural gas,3.219045210541406,124,-2.3863792,3.093538,nmf_kullback
transit orient,2.94896866918385,124,-1.5877825,3.1898286,nmf_kullback
agriculture forestry,2.56397681847234,124,0.60970855,0.70570093,nmf_kullback
use transportation,2.393172616968423,124,-1.767076,3.8624415,nmf_kullback
land use transportation,2.3272177213189758,124,-1.6334859,3.6508045,nmf_kullback
action plan,87.19396800593285,125,-4.198362,-0.5933926,nmf_kullback
climate action,71.69879312306388,125,-3.566,-2.4351618,nmf_kullback
climate action plan,49.50853899895435,125,-3.5470479,-1.9855863,nmf_kullback
mitigation plan,33.35443451266215,125,-3.6254377,-0.7486625,nmf_kullback
management plan,32.04662885621202,125,-3.2113295,-0.19716911,nmf_kullback
vulnerability assessment,30.558613567915135,125,-2.0441089,-1.3843356,nmf_kullback
adaptation plan,29.478210737552963,125,-3.8884442,-0.8570528,nmf_kullback
hazard mitigation,25.684534492756427,125,-3.2017994,-1.0779097,nmf_kullback
master plan,24.386857101361684,125,-3.7352116,-0.0056341616,nmf_kullback
hazard mitigation plan,23.08658102345454,125,-3.258583,-0.727022,nmf_kullback
plan update,19.61533761496591,125,-3.9612021,-0.018535264,nmf_kullback
climate change,19.515624453790426,125,-3.0118246,-2.8985868,nmf_kullback
action adaptation,14.324163071170373,125,-3.882618,-1.4235355,nmf_kullback
climate action adaptation,13.246830242413028,125,-3.5847592,-1.9748045,nmf_kullback
general plan,12.580910872888497,125,-3.688143,0.04970949,nmf_kullback
low income,19.420401498673407,127,-0.124754496,3.9438577,nmf_kullback
vulnerable population,10.587855351648784,127,-0.72612244,4.324992,nmf_kullback
income resident,3.9167084942783577,127,0.06023057,5.025967,nmf_kullback
healthy food,3.8925145683548164,127,1.9868236,0.14642888,nmf_kullback
low income resident,3.527990948080866,127,0.05153496,4.69776,nmf_kullback
income household,3.4700829678091902,127,-0.14149003,3.6551354,nmf_kullback
high cost,3.3763711587575282,127,-0.17666002,3.0326014,nmf_kullback
income population,3.3752376655347684,127,-0.6278376,4.366585,nmf_kullback
low income household,3.2610334871864097,127,-0.19187027,3.297187,nmf_kullback
low income population,3.243704906163641,127,-0.56918335,4.15063,nmf_kullback
cost living,3.1278270459904336,127,-0.41522017,3.2630644,nmf_kullback
income community,3.0784423189506365,127,3.8128467,-0.43689588,nmf_kullback
low income community,3.0490528729041837,127,3.6610932,-0.35865095,nmf_kullback
affordable housing,2.8661483306186586,127,-0.21286915,3.4376583,nmf_kullback
dedicated team,2.7398656729439184,127,0.034713317,1.6980715,nmf_kullback
solid waste,22.589460883269464,129,-0.25707912,-2.877716,nmf_kullback
farmer market,15.329889680434148,129,0.8731008,1.3727832,nmf_kullback
comprehensive plan,7.866534053292296,129,-3.6680346,0.05996926,nmf_kullback
waste diversion,7.599911667029621,129,-0.26867384,-2.7273707,nmf_kullback
fruit vegetable,7.5906019720645,129,-0.16431339,2.3097806,nmf_kullback
local food,5.687979941178295,129,1.7499034,0.8604049,nmf_kullback
fuel oil,5.672585698095394,129,-1.5813605,2.4539874,nmf_kullback
waste management,5.647364659841624,129,0.0669254,-2.452585,nmf_kullback
local business,5.521525819593428,129,1.9281157,1.0511098,nmf_kullback
single use,5.36218030335407,129,-0.8086804,2.4149294,nmf_kullback
waste recycling,5.328248532860304,129,-0.2958858,-3.2729294,nmf_kullback
yard waste,5.174851201863699,129,-0.2523936,-2.9216115,nmf_kullback
recycling composting,4.972264691467933,129,-0.31197867,-3.3033836,nmf_kullback
urban agriculture,4.83452097036445,129,0.6842076,0.66601413,nmf_kullback
resident business,4.797265517340806,129,0.12036669,5.284155,nmf_kullback
local government,17.439850090197872,130,1.9004532,1.2569275,nmf_kullback
public private,8.718074003742426,130,1.3062322,1.9911749,nmf_kullback
orient development,8.136913109352399,130,0.5888977,-0.16810377,nmf_kullback
project fund,8.099767057863172,130,2.373718,2.6360443,nmf_kullback
specify project,7.631932019098149,130,2.045493,2.491957,nmf_kullback
specify local,7.357886870629987,130,1.019756,1.6348068,nmf_kullback
specify energy,6.391526245082146,130,3.6403654,3.858385,nmf_kullback
specify project fund,5.6281802176383415,130,1.6958936,2.3589697,nmf_kullback
government operation,5.1251783769633565,130,1.8027095,1.4560343,nmf_kullback
local government operation,4.624001177744747,130,1.5865561,1.4287356,nmf_kullback
basic emission,4.620840201946136,130,-3.8371596,2.3146996,nmf_kullback
plan implementation,4.451799415915992,130,-3.7307968,-0.6550393,nmf_kullback
private partnership,4.379013907540441,130,1.3646051,1.8423302,nmf_kullback
risk assessment,4.365763246506789,130,-2.0625494,-1.3145787,nmf_kullback
drinking water,4.2274500334134935,130,1.7881587,-2.325312,nmf_kullback
climate change,39.0481608308052,131,-3.0118244,-2.8985865,nmf_kullback
extreme heat,23.651430811367867,131,-1.6085423,-0.38587925,nmf_kullback
datum available,15.469450429693527,131,-0.41767827,2.622131,nmf_kullback
climate adaptation,10.828716734173083,131,-3.5818536,-2.2037416,nmf_kullback
heat wave,10.234873983388638,131,-1.5229677,0.16872591,nmf_kullback
heat day,7.2058288792346215,131,-1.5766425,0.1149603,nmf_kullback
public health,6.927184449470477,131,1.9439052,0.24038307,nmf_kullback
extreme heat day,6.097032302923319,131,-1.3585747,-0.033577286,nmf_kullback
impact climate,5.338996950139743,131,-2.7249048,-2.759782,nmf_kullback
impact climate change,5.0750819540873575,131,-2.5506155,-2.5592506,nmf_kullback
change impact,4.987419554281869,131,-1.9605004,-2.2810721,nmf_kullback
climate change impact,4.916269410928358,131,-2.6496232,-2.5861921,nmf_kullback
health impact,4.879651678853524,131,1.8788891,-0.18605457,nmf_kullback
heat event,4.824541737820515,131,-1.5881162,-0.2415672,nmf_kullback
vector bear,4.551196525857711,131,-0.52763087,1.3850267,nmf_kullback
electric vehicle,29.550885976589342,132,-2.9155855,3.6148307,nmf_kullback
charging station,14.906751379400639,132,-1.5158197,4.4200015,nmf_kullback
carbon neutrality,13.73566332854349,132,-2.2817912,1.7025778,nmf_kullback
vehicle charge,9.901271663338646,132,-1.9944228,2.9053507,nmf_kullback
charge infrastructure,8.983370865713946,132,3.621625,1.3311397,nmf_kullback
electric vehicle charge,8.652152052720368,132,-2.6141956,3.3553944,nmf_kullback
bike share,7.931490599363883,132,-1.1210496,2.8153453,nmf_kullback
mile travel,7.22702010794815,132,-1.038681,2.3026698,nmf_kullback
vehicle mile,6.570435204217325,132,-2.0335088,2.968311,nmf_kullback
vehicle mile travel,6.493622324358761,132,-1.6868137,2.7041585,nmf_kullback
carbon neutral,6.3908821452409175,132,-2.1424444,1.8100505,nmf_kullback
charge station,5.795033138130249,132,-1.5281198,4.452259,nmf_kullback
net carbon,5.0414864204620224,132,-2.1324518,1.9036157,nmf_kullback
goal carbon,4.825836835040985,132,-2.7737825,1.7121702,nmf_kullback
achieve carbon,4.770023159332531,132,-2.627092,1.776299,nmf_kullback
greenhouse gas,35.53977131296791,133,-2.2078638,1.6979235,nmf_kullback
emission inventory,34.88855937331812,133,-4.607838,1.9218607,nmf_kullback
ghg emission,31.0223334877184,133,-3.957537,2.3706915,nmf_kullback
ghg inventory,26.175568000053627,133,-4.905832,1.4362184,nmf_kullback
gas emission,26.020512632460363,133,-3.9491127,2.391527,nmf_kullback
emission reduction,25.834929946853933,133,-3.8700488,2.4003925,nmf_kullback
greenhouse gas emission,22.731593648433485,133,-3.129711,2.051696,nmf_kullback
gas inventory,20.946121667413678,133,-4.906351,1.4500515,nmf_kullback
emission factor,20.74213185745053,133,-4.032692,2.3520534,nmf_kullback
inventory report,20.12710619284602,133,-4.8893924,1.4027534,nmf_kullback
community protocol,15.664181405663639,133,3.8503146,-0.51984304,nmf_kullback
scope emission,14.91354258925484,133,-3.94954,2.3475292,nmf_kullback
community inventory,14.105259088998682,133,3.8965917,-0.6060294,nmf_kullback
consumption base,11.456896312405949,133,-2.1909142,2.1639268,nmf_kullback
detailed report,11.278288638603776,133,-2.323631,0.7739215,nmf_kullback
solid waste,23.98370551661784,0,1.3361012,-2.597247,blend_model
waste management,5.491873217578829,0,2.383127,-3.1023772,blend_model
waste collection,4.763214466615897,0,1.1493196,-2.8004878,blend_model
waste disposal,3.7242018765801603,0,1.3986864,-2.4894142,blend_model
waste generation,3.112549788918512,0,0.35187024,-2.704724,blend_model
waste diversion,2.7133924255597646,0,1.2229136,-2.674471,blend_model
yard waste,2.5262432125255887,0,1.4053662,-2.668982,blend_model
solid waste management,2.5248000879100534,0,2.248512,-2.8897705,blend_model
municipal solid,2.4673331845235316,0,0.7898654,-1.4094796,blend_model
municipal solid waste,2.4673331845235316,0,1.0301125,-1.801117,blend_model
solid waste disposal,2.345025999858226,0,1.2981883,-1.8928565,blend_model
solid waste collection,2.295693211123627,0,1.1345665,-2.345856,blend_model
solid waste generation,2.2736675069447356,0,0.40500212,-2.4059458,blend_model
waste recycling,1.8852839118536084,0,1.2591313,-3.157132,blend_model
waste management plan,1.6838007173215457,0,2.4748847,-3.449359,blend_model
local government,18.691304029916655,2,-0.7169664,-0.8794084,blend_model
specify local,7.357886870629987,2,0.3289907,-0.0051425835,blend_model
government operation,5.391344770348141,2,-0.32862717,-1.4752097,blend_model
local government operation,4.911720693706915,2,-0.19731306,-1.2038879,blend_model
mix report,3.5923100656611267,2,-2.0800622,-2.4267306,blend_model
specify local government,2.6647446528124865,2,-0.26694402,-0.58365303,blend_model
government operation protocol,1.9519136051577386,2,-0.35312042,-1.3363434,blend_model
operation protocol,1.9519136051577386,2,-0.18923922,-1.800491,blend_model
specify university,1.8604902843433164,2,0.37171263,-0.12635128,blend_model
emission local government,0.9376782543305513,2,-1.3587899,-0.99160624,blend_model
local government state,0.9291629841915028,2,-0.53697455,-0.76446563,blend_model
specify local public,0.9290862906473707,2,0.784599,0.13864265,blend_model
local public work,0.9290862906473707,2,1.027296,-0.08474759,blend_model
specify local state,0.9076394021571739,2,0.24214524,-0.023062587,blend_model
government state,0.8798550227564645,2,-0.7678989,-0.9105727,blend_model
farmer market,16.134300302559975,3,2.3503215,0.1466133,blend_model
fruit vegetable,8.005788502463163,3,2.3189437,0.72254634,blend_model
fresh fruit vegetable,2.813300125659895,3,2.1183228,0.7403312,blend_model
fresh fruit,2.792233233519668,3,1.9858334,0.6595675,blend_model
community garden,2.561845851807467,3,-3.786221,5.6767964,blend_model
grocery store,2.4556817696659543,3,1.971969,0.7941901,blend_model
urban agriculture,1.8656076559247923,3,1.6276542,-0.64954466,blend_model
fresh buck,1.850567132123294,3,2.0500267,0.7005788,blend_model
local farmer,1.5671075861166495,3,2.0464342,-0.259924,blend_model
local food,1.4345617918209106,3,1.8542317,-0.59775525,blend_model
locally grow,1.4261524111445105,3,1.6934779,-0.08821198,blend_model
weekly farmer market,1.2971106777259882,3,2.0284867,0.47052205,blend_model
weekly farmer,1.2971106777259882,3,2.3853855,0.33163583,blend_model
healthy food,1.2182758222300423,3,-1.8478523,-0.27687612,blend_model
market community,1.218115698153812,3,-3.7949278,5.6460295,blend_model
green infrastructure,20.25815357404832,5,7.62046,2.219285,blend_model
stormwater infrastructure,10.720680583035698,5,7.4922442,1.6630704,blend_model
infrastructure project,10.02270608729761,5,7.333434,2.4951167,blend_model
specify infrastructure,6.140875378111011,5,7.471259,2.3801258,blend_model
infrastructure improvement,5.867870659237981,5,7.429072,2.7159386,blend_model
specify green,5.616955751050896,5,0.31335703,1.457122,blend_model
infrastructure plan,5.158148604383587,5,7.81096,2.3244176,blend_model
green infrastructure project,4.190119180912571,5,6.9388614,2.3248525,blend_model
green stormwater,3.8574225412800964,5,7.358267,-0.15085806,blend_model
plan implementation,3.4170021412021927,5,2.5348878,-5.234456,blend_model
green stormwater infrastructure,3.3198688972314163,5,7.2872987,1.6364653,blend_model
infrastructure damage,3.2464833090433087,5,7.700591,2.4862704,blend_model
stormwater infrastructure plan,2.5096249738403396,5,7.2935185,1.5929905,blend_model
residential stormwater,2.4044756771466753,5,5.743494,0.76360756,blend_model
specify infrastructure damage,1.928629164846479,5,7.114136,2.3580847,blend_model
renewable energy,64.38184909049602,6,-6.120222,1.9478841,blend_model
energy efficiency,49.33698888863075,6,-4.630765,2.7203224,blend_model
energy use,21.40250481685601,6,-5.189808,2.312871,blend_model
clean energy,17.527844962706506,6,-5.393614,2.1933246,blend_model
reduce energy,12.959798264586968,6,-5.520814,3.4866397,blend_model
energy generation,8.076819394128023,6,-5.17098,1.6448177,blend_model
reduce energy use,7.88711498342917,6,-5.445293,3.5003543,blend_model
efficiency program,7.8064092749291865,6,-3.4364855,3.1900604,blend_model
increase energy,7.744943659145367,6,6.3162994,-4.671806,blend_model
energy code,7.392226049410004,6,-5.1865916,2.3225718,blend_model
community choice,7.2501331319708795,6,-3.8185666,5.635729,blend_model
energy consumption,7.031858915883809,6,-4.590832,1.737457,blend_model
specify energy,6.806046255804344,6,-4.9595847,2.1074696,blend_model
energy efficiency program,6.800127856364074,6,-3.8464081,2.9708445,blend_model
build energy,6.3833452154443,6,-5.247862,2.278594,blend_model
water supply,40.19752663344624,11,7.498008,-1.2725468,blend_model
water conservation,25.647255065781035,11,7.2588177,-2.516822,blend_model
water use,21.472164658238817,11,7.5762553,-1.1993133,blend_model
water quality,20.955395291120965,11,7.5831833,-1.5027337,blend_model
storm water,16.472047504025877,11,7.4356074,-0.68848413,blend_model
treatment plant,15.18377597588034,11,5.7100415,-0.4832684,blend_model
water resource,12.116447697602649,11,7.5225763,-1.496758,blend_model
wastewater treatment,11.980401725227157,11,6.107518,-0.92504394,blend_model
conservation plan,10.986526958169264,11,3.4115624,-5.343169,blend_model
water treatment,10.889641786532643,11,6.626763,-1.0069215,blend_model
water treatment plant,7.5566232041136665,11,6.201911,-0.7682248,blend_model
water management,7.1165662548251545,11,6.2874126,-1.8131996,blend_model
wastewater treatment plant,6.903239167438348,11,5.908141,-0.78139275,blend_model
reduce water,6.8594385113008105,11,8.391059,-1.1435164,blend_model
surface water,6.552413389471363,11,7.418062,-0.98004013,blend_model
electric vehicle,30.464203024888715,12,2.0447557,6.8124313,blend_model
charging station,14.813592603558853,12,3.1597888,5.829682,blend_model
electric bus,11.82283419634323,12,2.0656962,6.9633,blend_model
vehicle charge,10.224152380187148,12,2.0179915,5.5289674,blend_model
electric vehicle charge,9.164090398115107,12,2.081974,6.479872,blend_model
charge infrastructure,8.983370865713946,12,7.5420337,2.3762655,blend_model
mile travel,8.228584480754964,12,2.3880064,2.388566,blend_model
vehicle mile,7.649712989702158,12,1.8689322,5.518104,blend_model
vehicle mile travel,7.514985967590047,12,1.8829767,4.9998617,blend_model
fuel oil,7.299387227645234,12,1.9946818,4.5477448,blend_model
charge station,6.339683726005981,12,3.2065978,5.865882,blend_model
vehicle charge infrastructure,4.321772173566663,12,7.0234146,2.5809238,blend_model
vehicle charging,3.903471885069935,12,2.0950208,5.806781,blend_model
electric vehicle charging,3.7004949858310034,12,2.0983407,6.393891,blend_model
vehicle charging station,3.6856668087449904,12,2.618169,5.548234,blend_model
action plan,88.43707529492798,13,2.8823607,-6.109988,blend_model
climate action,68.83626375666528,13,0.23499626,-6.5350776,blend_model
climate action plan,47.140531236372794,13,0.4973246,-6.21997,blend_model
management plan,33.25760614047344,13,2.7589433,-3.8036659,blend_model
mitigation plan,31.735743976271895,13,2.3007984,-5.4127088,blend_model
adaptation plan,26.725500443672804,13,2.210694,-5.7482615,blend_model
hazard mitigation,25.41739186842584,13,1.669025,-5.136301,blend_model
master plan,24.228869708712836,13,3.2003188,-4.6760116,blend_model
hazard mitigation plan,22.76962645553293,13,2.1215274,-5.125824,blend_model
plan update,20.021928554607502,13,3.2318,-4.9083524,blend_model
climate adaptation,16.167717979956105,13,0.44421875,-6.1343255,blend_model
stormwater management,14.955936652065004,13,6.1987987,-1.7962049,blend_model
action adaptation,14.28611276759261,13,1.4848627,-5.893485,blend_model
comprehensive plan,13.590633128297894,13,3.1591542,-4.6481733,blend_model
climate action adaptation,13.208432735347909,13,0.67318803,-6.006702,blend_model
climate change,65.65923174186034,14,-0.6852687,-6.3635793,blend_model
vulnerability assessment,29.023591686610974,14,-1.4557858,-4.2816715,blend_model
change impact,12.61516943250038,14,-0.1720624,-4.6059313,blend_model
climate change impact,12.408729678151337,14,-0.5587178,-5.661415,blend_model
climate vulnerability,9.410730218491542,14,-1.2694402,-4.950582,blend_model
impact climate,8.317348748988593,14,-0.75595844,-5.883601,blend_model
climate change vulnerability,7.981847680195292,14,-1.0739156,-4.957552,blend_model
change vulnerability,7.981847680195292,14,-1.2863066,-4.5075374,blend_model
impact climate change,7.87151407668904,14,-0.5363727,-5.549695,blend_model
change adaptation,6.6324692646718715,14,1.0650067,-5.586189,blend_model
climate change adaptation,6.6324692646718715,14,0.30551863,-5.898113,blend_model
change vulnerability assessment,5.700354462074829,14,-1.2996176,-4.202445,blend_model
climate vulnerability assessment,5.308958815457994,14,-1.2856927,-4.5096416,blend_model
adapt climate,4.914183234328678,14,-0.5251922,-6.3507814,blend_model
adapt climate change,4.727256840930457,14,-0.44299355,-5.908788,blend_model
open space,18.308963420426593,16,2.1969147,1.5847578,blend_model
orient development,9.481143550997867,16,-0.21961017,3.76747,blend_model
transit orient,5.853385530566363,16,1.0425255,4.760498,blend_model
defensible space,5.668392896424101,16,1.7652117,1.3410413,blend_model
transit orient development,4.27098407666069,16,-0.001947206,3.7600174,blend_model
park open,2.026615293993924,16,2.502678,1.4947921,blend_model
park open space,2.026615293993924,16,2.2092524,1.5606501,blend_model
walkable place,1.9556806178874038,16,2.2000751,1.8269606,blend_model
designate open,1.8979850326022105,16,1.4122653,1.4550966,blend_model
designate open space,1.8979850326022105,16,1.6526155,1.5074189,blend_model
legally designate,1.754895527490425,16,1.4079596,1.4350638,blend_model
legally designate open,1.754895527490425,16,1.5310668,1.3482102,blend_model
specify open,1.5594531469721253,16,0.38431793,0.6900947,blend_model
orient development zoning,1.2570448843104183,16,-0.13921128,3.6459024,blend_model
development zoning,1.2570448843104183,16,-0.24912874,3.799766,blend_model
extreme heat,24.46101665356116,17,4.049547,-0.58044404,blend_model
low income,23.990615825792055,17,3.5839355,1.0020181,blend_model
vulnerable population,9.833469356632616,17,-1.774295,0.62475854,blend_model
heat wave,9.009213564158356,17,3.7295802,-0.03179004,blend_model
heat day,7.161091634846872,17,3.7905674,-0.025119033,blend_model
extreme heat day,6.147681797087498,17,3.8175647,-0.44432193,blend_model
heat event,5.976971346510787,17,4.0393414,-0.4197947,blend_model
extreme heat event,5.066817978675417,17,3.936532,-0.5796456,blend_model
income household,5.050896349726554,17,3.3673427,1.1221523,blend_model
low income household,4.732630264894199,17,3.1322653,1.1307611,blend_model
income resident,4.625243954113306,17,4.3213677,1.1995512,blend_model
health impact,4.524921581705037,17,-2.0400105,-0.49063823,blend_model
income population,4.268492071500856,17,-1.7143073,0.8500392,blend_model
low income resident,4.122034621471277,17,4.1265893,1.2037454,blend_model
low income population,4.0090585886791015,17,-1.5339288,0.86392117,blend_model
certification program,4.059597953547105,23,-2.0785758,3.5467982,blend_model
business program,3.7549366326526794,23,-2.3602457,3.6161551,blend_model
sustainable business,3.3666680748225675,23,-2.2227898,2.1168332,blend_model
green business,3.096944768628828,23,-1.3189862,2.4985101,blend_model
business certification,3.0848433863127944,23,-1.5557699,2.736996,blend_model
local business,2.9278566738125593,23,-1.1627307,2.2127922,blend_model
business certification program,2.2644883830222535,23,-1.8950732,3.254438,blend_model
business certify,2.0409621812303853,23,-1.2550863,2.4792936,blend_model
business practice,1.6413029927834835,23,-1.3669884,2.4192693,blend_model
program business,1.3701386402549591,23,-2.374826,3.5863938,blend_model
action plan,1.3414348570852133,23,2.8823605,-6.109988,blend_model
sustainable business certification,1.3326196944340833,23,-1.6509736,2.2265842,blend_model
business sustainability,1.3079193561124292,23,-2.3222485,2.0803535,blend_model
building program,1.2334726338849396,23,-1.792393,5.0160494,blend_model
energy efficiency,1.1695268349488468,23,-4.630779,2.7207737,blend_model
sea level,31.36311490181964,26,2.9471438,-1.4635015,blend_model
level rise,30.837868054324233,26,3.0337653,-1.5351263,blend_model
sea level rise,29.03719083499307,26,2.8891907,-1.2618213,blend_model
storm surge,11.260661555382788,26,4.364263,-1.3731095,blend_model
flood mapping,7.864606539925202,26,4.4088273,-2.2358353,blend_model
climate change,6.322403215986827,26,-0.68526864,-6.363579,blend_model
flood risk,4.0072762084380065,26,4.571729,-2.675384,blend_model
flood map,3.8703731223730693,26,4.494624,-2.6206298,blend_model
coastal flooding,3.665141596500698,26,4.643194,-2.3424997,blend_model
flood sea level,3.440913835828862,26,3.8572483,-1.9841316,blend_model
flood sea,3.440913835828862,26,4.5440545,-2.5748415,blend_model
flood hazard,3.3666367952799656,26,4.535088,-2.7758899,blend_model
flood insurance,3.35506132902447,26,3.9650524,-1.8653088,blend_model
flood protection,3.3359946986679665,26,4.343151,-3.1951098,blend_model
coastal flood,3.0656194700650583,26,4.521138,-2.3985515,blend_model
lead streetlight,7.89652433199431,38,2.7245433,3.342647,blend_model
outdoor lighting,4.234449711638695,38,2.9952753,4.234766,blend_model
street light,3.5661543755817315,38,2.73531,3.6008792,blend_model
light lead,2.506935406619488,38,2.817521,2.9520712,blend_model
lead lighting,1.9384941371971705,38,3.0362098,4.3243566,blend_model
light led,1.8282016213034682,38,3.495151,3.4032242,blend_model
streetlight conversion,1.7089271120231486,38,2.6013627,3.3421423,blend_model
traffic light,1.7034279714415987,38,2.543897,3.4626741,blend_model
street lighting,1.4440445728894704,38,2.9180408,4.204348,blend_model
light lead conversion,1.2568867069808407,38,2.2022564,2.701485,blend_model
street light lead,1.2353528578181519,38,2.5321095,3.0690064,blend_model
lead conversion,1.1638845973916456,38,0.622619,2.3240027,blend_model
light retrofit,1.019638644530608,38,3.1841311,3.2376008,blend_model
replace streetlight,1.0175660337881296,38,2.9219472,3.5360005,blend_model
light project,1.0,38,5.1513596,3.6686196,blend_model
tree canopy,17.130231156870234,44,1.3937715,3.085538,blend_model
tree planting,7.71006810982155,44,1.5690173,3.999377,blend_model
tree plant,6.180906963127927,44,1.2348897,3.7723007,blend_model
urban tree,4.190115265979295,44,1.2416333,2.947417,blend_model
urban tree canopy,3.3914314758117143,44,1.349418,2.6256273,blend_model
canopy coverage,3.3156679235682676,44,1.4062871,1.9624723,blend_model
plant tree,3.1557553120734063,44,1.0856254,3.908974,blend_model
tree canopy coverage,2.834216149217323,44,1.5669093,2.2269707,blend_model
increase tree,2.771858178894981,44,6.2544546,-4.4747753,blend_model
increase tree canopy,2.3956739910769342,44,6.1778703,-4.3719454,blend_model
new tree,2.214912177234151,44,1.8267294,3.0715895,blend_model
food agriculture,2.0,44,1.665389,-0.7337075,blend_model
tree year,1.9021038461519453,44,1.5954106,3.35947,blend_model
canopy cover,1.8134536210256262,44,1.5142491,2.0016477,blend_model
regenerative agriculture,1.7803151462471234,44,1.345033,-0.63046163,blend_model
renewable energy,9.088893712667259,45,-6.1202555,1.9479251,blend_model
solar project,8.022459443895066,45,5.3796687,4.175229,blend_model
solar panel,7.434000041250797,45,4.69102,5.449013,blend_model
solar installation,7.41463469950661,45,4.334636,6.049811,blend_model
solar energy,6.791584391583144,45,-5.8380394,2.1206958,blend_model
rooftop solar,6.0130295594659655,45,4.537796,5.3675237,blend_model
instal solar,5.047848288629145,45,4.8391433,5.9455214,blend_model
solar array,5.036492752409989,45,4.6800804,5.3629394,blend_model
community solar,4.5898915042444886,45,-3.7974708,5.7353325,blend_model
solar system,3.8318705481593613,45,5.319179,5.4318347,blend_model
battery storage,3.604273062247537,45,3.3334262,2.1677935,blend_model
install solar,3.538019358143296,45,4.859135,6.0068507,blend_model
solar power,3.5214778286319466,45,4.9887853,5.701462,blend_model
solar storage,2.9181772545241205,45,4.788612,5.3919635,blend_model
local solar,2.516484725981903,45,4.7134385,5.1712523,blend_model
inventory report,12.787955196866555,46,-3.5734696,-2.8259888,blend_model
detailed report,9.824684140479468,46,-1.9751492,-2.4600902,blend_model
community inventory,5.766215566524217,46,-4.1545434,4.7599635,blend_model
community inventory report,5.224707054463688,46,-3.4074082,-3.6045897,blend_model
inventory spreadsheet,3.3536460182384684,46,-3.1259115,-2.5309103,blend_model
ghg inventory,2.130560828314774,46,-3.868748,-2.8024282,blend_model
inventory detailed report,2.0319179485366408,46,-2.8690765,-2.6712213,blend_model
inventory detailed,2.0319179485366408,46,-3.292232,-2.7359812,blend_model
indicator report,2.0,46,-1.7831359,-2.3789592,blend_model
summary report,2.0,46,-2.031773,-2.5190558,blend_model
reporting tool,2.0,46,-2.2907667,-2.1041913,blend_model
progress report,1.715738155136834,46,-1.981209,-2.928857,blend_model
inventory final,1.6772350530505928,46,-3.5066738,-2.7703671,blend_model
annual report,1.4921267088047063,46,-2.0561998,-2.246762,blend_model
final report,1.4841856629204435,46,-2.0964725,-2.471074,blend_model
specify fund,8.363363004629278,53,0.1895315,0.82277894,blend_model
specify year,7.0281459334168055,53,0.19861595,1.0131121,blend_model
specify grant,6.0789002545884525,53,0.18497106,0.85758376,blend_model
specify project,5.799197186297688,53,5.047045,3.39716,blend_model
specify project fund,5.6281802176383415,53,4.7508454,3.2317412,blend_model
project fund,4.943354434947179,53,5.3640237,3.7037222,blend_model
specify increase,4.173548593597685,53,6.193245,-4.4376483,blend_model
specify funding,3.624934436034884,53,-0.2206804,1.0991645,blend_model
specify population,3.5858363902853334,53,-1.5272579,0.759492,blend_model
specify people,3.347507039330674,53,0.8003119,0.70477235,blend_model
specify county,3.158917200650247,53,-0.5299085,0.14665389,blend_model
specify homeless,2.851746618520598,53,0.7716072,0.79626244,blend_model
homeless population,2.738174172179875,53,-1.6297082,0.8556585,blend_model
specify state,2.7299597843274417,53,-0.04275772,0.09590506,blend_model
specify live,2.6049763112513644,53,0.49717367,0.81601524,blend_model
commercial building,15.18103484078212,59,-0.5918982,5.7867355,blend_model
include commercial,9.648343490000638,59,4.7733774,2.1972327,blend_model
residential commercial,9.506391904096256,59,4.9484835,1.6324475,blend_model
building facility,7.769978885166702,59,-0.95303,5.9557962,blend_model
building code,7.233219882030441,59,-1.0815922,6.0487447,blend_model
include commercial building,6.677163330322037,59,-0.3136611,5.450673,blend_model
commercial building facility,5.521345387682793,59,-0.59556186,5.5813866,blend_model
commercial industrial,5.013444394467184,59,4.692375,2.0212095,blend_model
green building,4.288809773334179,59,-1.0694187,6.0115905,blend_model
square foot,4.037565914888128,59,2.7825677,1.9362401,blend_model
residential building,3.738715746739972,59,0.028294489,6.387957,blend_model
municipal building,3.7369479697319696,59,-0.8293408,5.7423067,blend_model
residential commercial industrial,3.5146564246443677,59,4.7921624,1.7189877,blend_model
reach code,3.4169899826783343,59,0.7243158,1.9401441,blend_model
institutional building,3.2948135896306048,59,-0.70896274,5.151321,blend_model
greenhouse gas,35.53977131296791,71,-0.13218592,2.1968157,blend_model
emission inventory,34.88855937331812,71,-4.262353,-1.9574869,blend_model
ghg emission,31.0223334877184,71,-4.221321,-0.6918929,blend_model
ghg inventory,26.175568000053627,71,-3.8687482,-2.802429,blend_model
gas emission,26.020512632460363,71,-4.232608,-0.68894863,blend_model
emission reduction,25.834929946853933,71,-4.192111,-0.40408462,blend_model
greenhouse gas emission,22.731593648433485,71,-3.4048092,-0.33839595,blend_model
gas inventory,20.946121667413678,71,-3.887224,-2.7803113,blend_model
emission factor,20.74213185745053,71,-4.2520275,-0.87269306,blend_model
inventory report,20.12710619284602,71,-3.5735078,-2.825991,blend_model
community protocol,15.664181405663639,71,-3.8903747,5.384566,blend_model
scope emission,14.91354258925484,71,-4.1941895,-0.7678202,blend_model
community inventory,14.105259088998682,71,-3.98056,-3.8371875,blend_model
consumption base,11.456896312405949,71,-3.1333845,0.52177656,blend_model
detailed report,11.278288638603776,71,-1.975149,-2.46009,blend_model
